Brand,RAM_GB,Storage_GB,Battery_mAh,Main_Camera_MP,Price_Clean,Storage_Category
Acer,2.0,32.0,3400.0,13.0,170.0,1
Acer,3.0,32.0,4080.0,13.0,250.0,1
Acer,1.0,8.0,2000.0,8.0,120.0,1
Acer,3.0,32.0,4020.0,13.0,230.0,1
Acer,2.0,16.0,5000.0,13.0,200.0,1
Acer,1.0,8.0,2000.0,8.0,110.0,1
Acer,2.0,64.0,4420.0,5.0,350.0,2
Acer,3.0,32.0,2870.0,21.0,220.0,1
Acer,1.0,8.0,2000.0,5.0,110.0,1
Acer,1.0,8.0,2000.0,5.0,90.0,1
Acer,1.0,8.0,4000.0,8.0,200.0,1
Acer,1.0,8.0,2420.0,8.0,150.0,1
Acer,2.0,64.0,5910.0,5.0,250.0,2
Acer,1.0,32.0,4550.0,5.0,180.0,1
Acer,1.0,16.0,5910.0,5.0,190.0,1
Acer,2.0,32.0,5910.0,5.0,230.0,1
Acer,1.0,8.0,2300.0,13.0,200.0,1
Acer,1.0,8.0,2000.0,8.0,130.0,1
Acer,1.0,8.0,1300.0,5.0,90.0,1
Acer,1.0,8.0,2000.0,5.0,130.0,1
Acer,2.0,16.0,2300.0,13.0,200.0,1
Acer,1.0,4.0,2000.0,8.0,150.0,1
Acer,2.0,16.0,2700.0,13.0,260.0,1
Acer,1.0,8.0,2100.0,13.0,180.0,1
Acer,2.0,16.0,3500.0,8.0,200.0,1
Acer,1.0,4.0,2500.0,8.0,200.0,1
Acer,2.0,32.0,4600.0,5.0,200.0,1
Acer,1.0,8.0,3700.0,5.0,90.0,1
Acer,1.0,16.0,4000.0,5.0,130.0,1
Acer,2.0,16.0,3300.0,13.0,340.0,1
Acer,1.0,8.0,2400.0,8.0,320.0,1
Acer,1.0,8.0,4960.0,5.0,150.0,1
Acer,1.0,16.0,4960.0,5.0,120.0,1
Acer,1.0,4.0,2000.0,8.0,180.0,1
Acer,1.0,4.0,2000.0,8.0,180.0,1
Acer,1.0,4.0,1760.0,5.0,170.0,1
Acer,1.0,8.0,3420.0,2.0,150.0,1
Acer,1.0,4.0,1500.0,5.0,160.0,1
Acer,1.0,4.0,1500.0,5.0,140.0,1
Acer,1.0,8.0,1460.0,8.0,220.0,1
Acer,1.0,16.0,3260.0,2.0,260.0,1
Acer,1.0,16.0,3260.0,2.0,200.0,1
Acer,1.0,64.0,3260.0,5.0,490.0,2
Acer,1.0,32.0,3260.0,5.0,200.0,1
Acer,1.0,16.0,1530.0,5.0,260.0,1
Acer,1.0,16.0,1530.0,5.0,100.0,1
alcatel,2.0,16.0,2800.0,8.0,200.0,1
alcatel,2.0,16.0,3000.0,8.0,120.0,1
alcatel,2.0,16.0,2460.0,13.0,200.0,1
alcatel,2.0,16.0,2500.0,8.0,80.0,1
alcatel,2.0,16.0,2150.0,13.0,250.0,1
alcatel,1.0,8.0,2000.0,8.0,60.0,1
alcatel,2.0,16.0,3000.0,13.0,140.0,1
alcatel,1.0,8.0,3240.0,5.0,130.0,1
alcatel,2.0,16.0,2960.0,13.0,150.0,1
alcatel,5.0,16.0,2500.0,8.0,110.0,1
alcatel,1.0,8.0,2500.0,8.0,80.0,1
alcatel,4.0,64.0,3000.0,21.0,440.0,2
alcatel,3.0,32.0,3000.0,16.0,350.0,1
alcatel,2.0,16.0,2610.0,13.0,250.0,1
alcatel,1.0,8.0,2580.0,2.0,80.0,1
alcatel,1.0,8.0,2580.0,13.0,120.0,1
alcatel,1.0,8.0,2580.0,8.0,100.0,1
alcatel,1.0,8.0,2910.0,5.0,120.0,1
alcatel,1.0,8.0,1800.0,5.0,110.0,1
alcatel,2.0,16.0,2500.0,8.0,130.0,1
alcatel,2.0,16.0,3000.0,13.0,230.0,1
alcatel,2.0,16.0,3500.0,13.0,130.0,1
alcatel,1.0,4.0,2000.0,5.0,130.0,1
alcatel,2.0,16.0,2910.0,13.0,250.0,1
alcatel,5.0,8.0,2000.0,13.0,200.0,1
alcatel,1.0,8.0,2800.0,5.0,120.0,1
alcatel,1.0,4.0,3240.0,2.0,100.0,1
alcatel,1.0,4.0,2820.0,2.0,130.0,1
alcatel,1.0,8.0,4600.0,5.0,250.0,1
alcatel,1.0,4.0,2000.0,5.0,120.0,1
alcatel,1.0,8.0,2000.0,5.0,180.0,1
alcatel,1.0,8.0,2000.0,5.0,130.0,1
alcatel,1.0,8.0,4100.0,5.0,250.0,1
alcatel,2.0,32.0,4060.0,5.0,280.0,1
alcatel,2.0,16.0,3100.0,1.0,460.0,1
alcatel,1.0,4.0,3240.0,3.0,190.0,1
alcatel,1.0,8.0,3400.0,8.0,280.0,1
alcatel,1.0,4.0,3000.0,5.0,140.0,1
alcatel,1.0,4.0,2000.0,5.0,120.0,1
alcatel,1.0,8.0,2150.0,8.0,280.0,1
alcatel,1.0,8.0,2000.0,8.0,200.0,1
alcatel,1.0,4.0,2000.0,8.0,200.0,1
alcatel,1.0,4.0,1700.0,8.0,160.0,1
alcatel,2.0,16.0,2500.0,1.0,290.0,1
alcatel,1.0,4.0,2500.0,8.0,140.0,1
alcatel,1.0,4.0,3240.0,2.0,160.0,1
alcatel,1.0,4.0,1800.0,5.0,110.0,1
alcatel,1.0,4.0,2000.0,5.0,130.0,1
alcatel,1.0,16.0,2000.0,13.0,360.0,1
alcatel,2.0,8.0,3400.0,13.0,370.0,1
alcatel,1.0,4.0,2000.0,8.0,160.0,1
alcatel,2.0,16.0,2000.0,1.0,370.0,1
alcatel,1.0,8.0,3300.0,2.0,110.0,1
alcatel,1.0,16.0,1800.0,8.0,270.0,1
alcatel,1.0,4.0,1800.0,8.0,230.0,1
alcatel,1.0,4.0,1400.0,5.0,140.0,1
alcatel,1.0,4.0,2500.0,8.0,350.0,1
alcatel,1.0,4.0,2500.0,12.0,620.0,1
alcatel,1.0,4.0,2500.0,8.0,220.0,1
alcatel,1.0,4.0,1800.0,8.0,280.0,1
alcatel,1.0,4.0,1800.0,8.0,250.0,1
alcatel,1.0,8.0,1800.0,5.0,250.0,1
Allview,4.0,64.0,3000.0,13.0,420.0,2
Allview,4.0,64.0,3000.0,16.0,450.0,2
Allview,3.0,64.0,5020.0,13.0,420.0,2
Allview,3.0,32.0,3150.0,13.0,300.0,1
Allview,3.0,16.0,2350.0,13.0,200.0,1
Allview,2.0,16.0,2350.0,13.0,180.0,1
Allview,1.0,16.0,2400.0,8.0,160.0,1
Allview,3.0,16.0,3150.0,13.0,300.0,1
Allview,1.0,16.0,3150.0,13.0,250.0,1
Allview,1.0,16.0,2000.0,8.0,200.0,1
Allview,1.0,16.0,2000.0,5.0,120.0,1
Allview,2.0,16.0,4000.0,8.0,170.0,1
Allview,1.0,8.0,1700.0,5.0,130.0,1
Allview,1.0,8.0,3140.0,8.0,100.0,1
Allview,2.0,16.0,6000.0,13.0,300.0,1
Allview,1.0,16.0,4000.0,5.0,140.0,1
Allview,2.0,16.0,2100.0,13.0,240.0,1
Allview,1.0,8.0,1850.0,8.0,140.0,1
Allview,3.0,64.0,3500.0,24.0,490.0,2
Allview,1.0,8.0,1800.0,5.0,140.0,1
Allview,1.0,8.0,1920.0,8.0,230.0,1
Allview,1.0,8.0,2400.0,8.0,230.0,1
Allview,2.0,16.0,2200.0,16.0,300.0,1
Allview,1.0,16.0,2050.0,8.0,230.0,1
Allview,1.0,8.0,2000.0,8.0,170.0,1
Allview,1.0,8.0,1750.0,8.0,160.0,1
Allview,2.0,16.0,2300.0,13.0,340.0,1
Allview,1.0,16.0,2200.0,13.0,290.0,1
Allview,3.0,32.0,2500.0,16.0,470.0,1
Allview,2.0,16.0,2500.0,13.0,310.0,1
Allview,1.0,8.0,4400.0,2.0,120.0,1
Allview,1.0,8.0,4000.0,5.0,190.0,1
Allview,1.0,8.0,4000.0,5.0,150.0,1
Allview,1.0,4.0,2100.0,8.0,220.0,1
Allview,1.0,16.0,3000.0,8.0,270.0,1
Allview,2.0,32.0,2000.0,13.0,360.0,1
Allview,1.0,8.0,1800.0,8.0,200.0,1
Allview,1.0,16.0,1800.0,8.0,230.0,1
Allview,1.0,4.0,3000.0,8.0,230.0,1
Allview,1.0,4.0,2100.0,8.0,170.0,1
Allview,1.0,4.0,2100.0,8.0,200.0,1
Amazon,2.0,64.0,2400.0,13.0,160.0,2
Apple,3.0,256.0,2900.0,12.0,900.0,4
Apple,2.0,256.0,1960.0,12.0,760.0,4
Apple,2.0,128.0,1624.0,12.0,440.0,3
Apple,2.0,128.0,2750.0,12.0,750.0,3
Apple,2.0,128.0,1715.0,12.0,620.0,3
Apple,4.0,256.0,307.0,8.0,850.0,4
Apple,2.0,128.0,5124.0,8.0,360.0,3
Apple,1.0,128.0,6470.0,5.0,400.0,3
Apple,1.0,128.0,2915.0,8.0,700.0,3
Apple,1.0,128.0,1810.0,8.0,540.0,3
Apple,1.0,128.0,6470.0,5.0,270.0,3
Apple,1.0,64.0,1560.0,8.0,330.0,2
Apple,1.0,32.0,1510.0,8.0,300.0,1
Apple,1.0,64.0,1440.0,8.0,340.0,2
Archos,2.0,16.0,3000.0,13.0,180.0,1
Archos,1.0,16.0,2400.0,13.0,130.0,1
Archos,4.0,64.0,2950.0,7.0,250.0,2
Archos,1.0,8.0,2100.0,13.0,140.0,1
Archos,1.0,8.0,2000.0,8.0,150.0,1
Archos,2.0,16.0,2700.0,16.0,200.0,1
Archos,1.0,8.0,3500.0,5.0,280.0,1
Archos,1.0,4.0,2800.0,8.0,240.0,1
Archos,1.0,8.0,2000.0,8.0,240.0,1
Archos,1.0,8.0,2000.0,8.0,280.0,1
Archos,1.0,4.0,1850.0,5.0,230.0,1
Asus,3.0,32.0,4680.0,13.0,390.0,1
Asus,2.0,32.0,2650.0,13.0,150.0,1
Asus,3.0,32.0,5000.0,13.0,230.0,1
Asus,8.0,256.0,3300.0,23.0,800.0,4
Asus,4.0,128.0,5000.0,12.0,550.0,3
Asus,1.0,8.0,3480.0,5.0,120.0,1
Asus,4.0,32.0,4680.0,8.0,390.0,1
Asus,2.0,16.0,2600.0,13.0,130.0,1
Asus,4.0,32.0,4100.0,16.0,280.0,1
Asus,4.0,64.0,3000.0,16.0,440.0,2
Asus,4.0,64.0,5900.0,8.0,400.0,2
Asus,2.0,16.0,4130.0,13.0,230.0,1
Asus,2.0,32.0,3000.0,13.0,270.0,1
Asus,3.0,32.0,2600.0,16.0,360.0,1
Asus,2.0,16.0,4100.0,13.0,210.0,1
Asus,4.0,128.0,4600.0,23.0,700.0,3
Asus,6.0,256.0,3000.0,23.0,690.0,4
Asus,3.0,32.0,3000.0,16.0,450.0,1
Asus,2.0,32.0,5000.0,13.0,170.0,1
Asus,1.0,8.0,2070.0,8.0,110.0,1
Asus,1.0,8.0,2070.0,5.0,90.0,1
Asus,2.0,32.0,3010.0,8.0,150.0,1
Asus,2.0,16.0,2500.0,8.0,110.0,1
Asus,1.0,8.0,1600.0,5.0,70.0,1
Asus,2.0,16.0,2070.0,8.0,230.0,1
Asus,3.0,32.0,3000.0,13.0,180.0,1
Asus,4.0,128.0,3000.0,13.0,500.0,3
Asus,2.0,16.0,2070.0,8.0,130.0,1
Asus,2.0,16.0,5000.0,13.0,170.0,1
Asus,4.0,128.0,3000.0,13.0,500.0,3
Asus,2.0,16.0,3000.0,13.0,300.0,1
Asus,2.0,16.0,3000.0,13.0,360.0,1
Asus,2.0,16.0,3000.0,13.0,220.0,1
Asus,2.0,16.0,2400.0,13.0,210.0,1
Asus,1.0,8.0,2500.0,8.0,110.0,1
Asus,3.0,32.0,3030.0,13.0,300.0,1
Asus,1.0,8.0,4000.0,5.0,280.0,1
Asus,3.0,32.0,3000.0,13.0,280.0,1
Asus,2.0,16.0,2500.0,8.0,180.0,1
Asus,2.0,16.0,3000.0,13.0,250.0,1
Asus,4.0,64.0,3000.0,13.0,370.0,2
Asus,1.0,8.0,2100.0,5.0,90.0,1
Asus,4.0,128.0,3000.0,13.0,400.0,3
Asus,2.0,16.0,2500.0,8.0,80.0,1
Asus,1.0,8.0,2060.0,5.0,160.0,1
Asus,2.0,32.0,2110.0,8.0,210.0,1
Asus,1.0,8.0,1750.0,8.0,100.0,1
Asus,2.0,16.0,2300.0,13.0,320.0,1
Asus,2.0,16.0,2300.0,13.0,250.0,1
Asus,2.0,32.0,2400.0,13.0,510.0,1
Asus,2.0,32.0,3230.0,13.0,200.0,1
Asus,2.0,32.0,3300.0,13.0,250.0,1
Asus,2.0,8.0,2110.0,8.0,120.0,1
Asus,2.0,32.0,2110.0,8.0,130.0,1
Asus,1.0,8.0,1600.0,5.0,130.0,1
Asus,1.0,8.0,2060.0,5.0,300.0,1
Asus,1.0,8.0,1170.0,8.0,210.0,1
Asus,1.0,16.0,1500.0,8.0,290.0,1
Asus,2.0,32.0,2400.0,13.0,730.0,1
Asus,1.0,16.0,5070.0,2.0,250.0,1
Asus,1.0,16.0,3950.0,5.0,150.0,1
Asus,1.0,32.0,3950.0,5.0,220.0,1
Asus,2.0,32.0,3200.0,8.0,350.0,1
Asus,1.0,16.0,4270.0,15.0,260.0,1
Asus,2.0,64.0,2400.0,13.0,1000.0,2
Asus,1.0,16.0,4270.0,1.0,110.0,1
Asus,1.0,32.0,4325.0,2.0,230.0,1
Asus,2.0,64.0,2140.0,13.0,450.0,2
Asus,1.0,32.0,4325.0,2.0,150.0,1
Asus,1.0,32.0,4400.0,5.0,170.0,1
Asus,1.0,64.0,1520.0,8.0,300.0,2
Asus,3.0,64.0,5000.0,13.0,330.0,2
BenQ,1.0,4.0,1840.0,8.0,80.0,1
BenQ,2.0,16.0,2520.0,13.0,100.0,1
BenQ,1.0,4.0,2100.0,13.0,200.0,1
BenQ,1.0,4.0,2000.0,8.0,150.0,1
BlackBerry,4.0,32.0,3000.0,13.0,250.0,1
BlackBerry,3.0,32.0,3505.0,12.0,600.0,1
BlackBerry,4.0,32.0,3000.0,21.0,530.0,1
BlackBerry,3.0,16.0,2610.0,13.0,270.0,1
BlackBerry,3.0,32.0,3410.0,18.0,450.0,1
BlackBerry,2.0,16.0,2800.0,8.0,170.0,1
BlackBerry,2.0,64.0,2100.0,8.0,590.0,2
BlackBerry,3.0,32.0,3450.0,13.0,310.0,1
BlackBerry,2.0,16.0,2515.0,8.0,290.0,1
BlackBerry,5.0,8.0,2500.0,5.0,110.0,1
BlackBerry,2.0,64.0,1800.0,8.0,390.0,2
BlackBerry,2.0,16.0,2880.0,8.0,180.0,1
BlackBerry,2.0,8.0,2180.0,5.0,150.0,1
BlackBerry,2.0,16.0,1800.0,8.0,230.0,1
BlackBerry,2.0,16.0,2100.0,8.0,170.0,1
BlackBerry,1.0,64.0,5300.0,5.0,120.0,2
BLU,4.0,64.0,3000.0,13.0,170.0,2
BLU,1.0,16.0,2000.0,8.0,80.0,1
BLU,3.0,32.0,3150.0,13.0,240.0,1
BLU,3.0,64.0,3500.0,24.0,310.0,2
BLU,1.0,8.0,3000.0,8.0,110.0,1
BLU,1.0,8.0,5000.0,8.0,140.0,1
BLU,1.0,8.0,2100.0,8.0,120.0,1
BLU,1.0,16.0,2100.0,8.0,190.0,1
BLU,2.0,16.0,3200.0,13.0,210.0,1
BLU,1.0,8.0,2200.0,13.0,150.0,1
BLU,1.0,8.0,3000.0,5.0,130.0,1
BLU,1.0,8.0,2200.0,8.0,150.0,1
BLU,1.0,4.0,2000.0,8.0,110.0,1
BLU,2.0,16.0,2300.0,13.0,260.0,1
BLU,1.0,8.0,2000.0,8.0,150.0,1
BLU,3.0,32.0,2500.0,16.0,290.0,1
BLU,1.0,4.0,3000.0,8.0,180.0,1
BLU,1.0,4.0,2000.0,8.0,120.0,1
BLU,1.0,4.0,2350.0,8.0,130.0,1
BLU,1.0,16.0,3000.0,8.0,190.0,1
BLU,1.0,16.0,2000.0,8.0,160.0,1
BLU,1.0,8.0,4500.0,5.0,360.0,1
BLU,1.0,4.0,1800.0,8.0,130.0,1
BLU,2.0,32.0,2000.0,13.0,210.0,1
BLU,1.0,4.0,2000.0,12.0,140.0,1
BLU,1.0,16.0,1800.0,8.0,200.0,1
BLU,2.0,32.0,2020.0,13.0,240.0,1
BLU,1.0,16.0,2500.0,12.0,210.0,1
BLU,1.0,4.0,2250.0,5.0,120.0,1
BLU,1.0,4.0,2800.0,8.0,130.0,1
BLU,1.0,4.0,2000.0,8.0,130.0,1
BLU,1.0,16.0,2600.0,12.0,230.0,1
BLU,1.0,16.0,2000.0,13.0,230.0,1
BLU,1.0,4.0,1800.0,8.0,180.0,1
BLU,1.0,4.0,2800.0,8.0,220.0,1
BLU,1.0,16.0,1800.0,8.0,260.0,1
BLU,1.0,4.0,1800.0,5.0,180.0,1
BLU,1.0,4.0,1600.0,8.0,210.0,1
BLU,1.0,4.0,6000.0,2.0,180.0,1
BQ,4.0,128.0,3100.0,12.0,370.0,3
BQ,3.0,32.0,3100.0,16.0,290.0,1
BQ,2.0,16.0,3080.0,8.0,160.0,1
BQ,2.0,16.0,3080.0,13.0,190.0,1
BQ,2.0,16.0,3050.0,16.0,220.0,1
BQ,2.0,16.0,3200.0,16.0,300.0,1
BQ,2.0,16.0,2850.0,13.0,210.0,1
BQ,2.0,16.0,2900.0,13.0,230.0,1
BQ,3.0,16.0,3120.0,13.0,260.0,1
BQ,3.0,16.0,3620.0,13.0,300.0,1
BQ,1.0,8.0,2470.0,8.0,180.0,1
Casio,1.0,16.0,1800.0,8.0,270.0,1
Cat,3.0,32.0,3800.0,13.0,650.0,1
Cat,1.0,8.0,3000.0,5.0,340.0,1
Cat,1.0,16.0,3000.0,8.0,440.0,1
Cat,1.0,4.0,2000.0,5.0,320.0,1
Cat,2.0,8.0,2630.0,8.0,460.0,1
Celkon,1.0,4.0,1400.0,5.0,80.0,1
Celkon,2.0,16.0,2500.0,8.0,120.0,1
Celkon,1.0,8.0,2000.0,5.0,90.0,1
Celkon,1.0,16.0,2000.0,8.0,100.0,1
Celkon,1.0,4.0,2100.0,12.0,200.0,1
Coolpad,3.0,16.0,2500.0,13.0,120.0,1
Coolpad,4.0,32.0,4060.0,13.0,200.0,1
Coolpad,3.0,16.0,2500.0,13.0,210.0,1
Coolpad,4.0,64.0,4070.0,16.0,420.0,2
Coolpad,2.0,16.0,3050.0,8.0,110.0,1
Coolpad,4.0,64.0,4010.0,13.0,180.0,2
Coolpad,2.0,16.0,2500.0,8.0,180.0,1
Coolpad,3.0,16.0,2500.0,8.0,80.0,1
Coolpad,3.0,16.0,2500.0,13.0,200.0,1
Coolpad,3.0,16.0,3000.0,13.0,120.0,1
Coolpad,4.0,64.0,2800.0,13.0,380.0,2
Coolpad,1.0,8.0,2000.0,8.0,130.0,1
Coolpad,2.0,16.0,1800.0,8.0,180.0,1
Coolpad,3.0,16.0,2500.0,13.0,110.0,1
Coolpad,3.0,16.0,3000.0,13.0,120.0,1
Coolpad,2.0,8.0,2500.0,13.0,200.0,1
Coolpad,1.0,8.0,2500.0,8.0,160.0,1
Coolpad,1.0,8.0,1800.0,8.0,150.0,1
Dell,2.0,32.0,7000.0,8.0,460.0,1
Dell,2.0,32.0,4100.0,5.0,130.0,1
Dell,2.0,16.0,4100.0,15.0,100.0,1
Dell,1.0,8.0,1520.0,8.0,450.0,1
Gigabyte,1.0,8.0,2000.0,8.0,100.0,1
Gigabyte,1.0,8.0,2000.0,13.0,190.0,1
Gigabyte,2.0,32.0,2500.0,13.0,440.0,1
Gigabyte,1.0,4.0,1400.0,5.0,140.0,1
Gigabyte,1.0,4.0,2000.0,5.0,150.0,1
Gigabyte,1.0,4.0,1700.0,8.0,200.0,1
Gigabyte,1.0,4.0,2000.0,13.0,220.0,1
Gigabyte,1.0,4.0,1900.0,13.0,260.0,1
Gigabyte,1.0,4.0,1700.0,8.0,220.0,1
Gionee,4.0,64.0,3450.0,16.0,380.0,2
Gionee,4.0,64.0,3700.0,13.0,240.0,2
Gionee,4.0,32.0,3100.0,13.0,200.0,1
Gionee,6.0,256.0,6020.0,12.0,460.0,4
Gionee,4.0,64.0,4550.0,13.0,370.0,2
Gionee,4.0,64.0,4010.0,13.0,280.0,2
Gionee,4.0,32.0,4000.0,13.0,250.0,1
Gionee,6.0,128.0,7000.0,12.0,1150.0,3
Gionee,3.0,32.0,4000.0,8.0,210.0,1
Gionee,2.0,16.0,2300.0,8.0,140.0,1
Gionee,4.0,64.0,3000.0,13.0,370.0,2
Gionee,3.0,32.0,3100.0,13.0,190.0,1
Gionee,3.0,32.0,3150.0,13.0,280.0,1
Gionee,4.0,64.0,3130.0,13.0,390.0,2
Gionee,1.0,8.0,1800.0,5.0,90.0,1
Gionee,4.0,64.0,2530.0,16.0,550.0,2
Gionee,4.0,64.0,3000.0,16.0,450.0,2
Gionee,2.0,16.0,4000.0,8.0,120.0,1
Gionee,3.0,16.0,5000.0,8.0,340.0,1
Gionee,3.0,64.0,5020.0,13.0,420.0,2
Gionee,3.0,32.0,4000.0,8.0,170.0,1
Gionee,1.0,16.0,2000.0,5.0,90.0,1
Gionee,3.0,32.0,3150.0,13.0,290.0,1
Gionee,2.0,16.0,2400.0,8.0,130.0,1
Gionee,3.0,64.0,3500.0,24.0,480.0,2
Gionee,2.0,16.0,5000.0,8.0,220.0,1
Gionee,3.0,32.0,6020.0,13.0,330.0,1
Gionee,1.0,8.0,1800.0,5.0,120.0,1
Gionee,2.0,16.0,2700.0,13.0,400.0,1
Gionee,1.0,8.0,5000.0,8.0,170.0,1
Gionee,1.0,16.0,2050.0,8.0,240.0,1
Gionee,1.0,8.0,1950.0,5.0,120.0,1
Gionee,1.0,8.0,1800.0,5.0,100.0,1
Gionee,1.0,8.0,1800.0,8.0,160.0,1
Gionee,2.0,16.0,2300.0,13.0,270.0,1
Gionee,2.0,16.0,2500.0,16.0,340.0,1
Gionee,2.0,32.0,2000.0,13.0,250.0,1
Gionee,1.0,16.0,2000.0,8.0,200.0,1
Gionee,1.0,16.0,1800.0,8.0,180.0,1
Gionee,1.0,4.0,4200.0,8.0,130.0,1
Gionee,1.0,16.0,3200.0,13.0,220.0,1
Gionee,1.0,4.0,3000.0,8.0,160.0,1
Gionee,1.0,4.0,2100.0,8.0,170.0,1
Google,4.0,128.0,3450.0,3.0,880.0,3
Google,4.0,128.0,2770.0,3.0,770.0,3
HP,4.0,64.0,4150.0,16.0,700.0,2
HP,1.0,16.0,3000.0,8.0,200.0,1
HP,1.0,8.0,2800.0,2.0,70.0,1
HP,1.0,16.0,3800.0,2.0,120.0,1
HP,2.0,16.0,5000.0,13.0,400.0,1
HP,1.0,16.0,4100.0,5.0,180.0,1
HP,1.0,16.0,3000.0,5.0,270.0,1
HP,1.0,16.0,5680.0,8.0,240.0,1
HP,1.0,16.0,7000.0,5.0,220.0,1
HP,1.0,16.0,4100.0,5.0,150.0,1
HP,1.0,8.0,4000.0,5.0,110.0,1
HP,1.0,32.0,6300.0,3.0,280.0,1
HTC,4.0,64.0,3000.0,12.0,750.0,2
HTC,3.0,32.0,4000.0,16.0,330.0,1
HTC,4.0,128.0,3000.0,12.0,750.0,3
HTC,4.0,32.0,2500.0,16.0,470.0,1
HTC,3.0,32.0,3200.0,16.0,570.0,1
HTC,2.0,16.0,2200.0,13.0,200.0,1
HTC,4.0,64.0,3000.0,20.0,460.0,2
HTC,3.0,32.0,2700.0,13.0,260.0,1
HTC,2.0,16.0,2300.0,13.0,350.0,1
HTC,3.0,32.0,2800.0,13.0,220.0,1
HTC,3.0,32.0,2200.0,13.0,200.0,1
HTC,2.0,16.0,2840.0,13.0,390.0,1
HTC,3.0,32.0,2800.0,13.0,280.0,1
HTC,2.0,16.0,2840.0,13.0,270.0,1
HTC,3.0,32.0,3000.0,12.0,420.0,1
HTC,4.0,64.0,3000.0,12.0,500.0,2
HTC,2.0,16.0,2700.0,13.0,240.0,1
HTC,2.0,16.0,2200.0,13.0,190.0,1
HTC,5.0,16.0,2200.0,8.0,170.0,1
HTC,5.0,8.0,2000.0,5.0,70.0,1
HTC,3.0,32.0,3000.0,13.0,300.0,1
HTC,2.0,16.0,2840.0,13.0,270.0,1
HTC,2.0,16.0,2800.0,13.0,250.0,1
HTC,2.0,16.0,2800.0,13.0,240.0,1
HTC,2.0,16.0,2600.0,13.0,310.0,1
HTC,3.0,32.0,2700.0,2.0,300.0,1
HTC,2.0,16.0,2150.0,13.0,300.0,1
HTC,3.0,32.0,2840.0,21.0,480.0,1
HTC,1.0,8.0,2000.0,8.0,190.0,1
HTC,5.0,8.0,2000.0,8.0,110.0,1
HTC,3.0,32.0,2840.0,20.0,340.0,1
HTC,1.0,16.0,2600.0,13.0,180.0,1
HTC,1.0,8.0,2000.0,8.0,130.0,1
HTC,3.0,32.0,2840.0,20.0,500.0,1
HTC,2.0,32.0,2840.0,13.0,330.0,1
HTC,3.0,32.0,2800.0,20.0,320.0,1
HTC,2.0,16.0,2800.0,13.0,320.0,1
HTC,3.0,32.0,2840.0,20.0,420.0,1
HTC,2.0,16.0,2600.0,13.0,370.0,1
HTC,1.0,8.0,2000.0,13.0,250.0,1
HTC,2.0,16.0,2000.0,13.0,180.0,1
HTC,1.0,16.0,2000.0,8.0,160.0,1
HTC,2.0,16.0,2600.0,13.0,200.0,1
HTC,1.0,8.0,2100.0,8.0,190.0,1
HTC,1.0,8.0,2100.0,8.0,180.0,1
HTC,2.0,16.0,6700.0,8.0,300.0,1
HTC,1.0,8.0,2600.0,13.0,260.0,1
HTC,2.0,16.0,2600.0,13.0,260.0,1
HTC,2.0,16.0,2400.0,13.0,380.0,1
HTC,1.0,8.0,2040.0,8.0,240.0,1
HTC,1.0,16.0,2600.0,13.0,260.0,1
HTC,2.0,16.0,2600.0,13.0,320.0,1
HTC,2.0,16.0,2600.0,13.0,340.0,1
HTC,2.0,16.0,2600.0,13.0,350.0,1
HTC,1.0,8.0,2100.0,5.0,200.0,1
HTC,2.0,32.0,2600.0,4.0,300.0,1
HTC,2.0,32.0,2600.0,4.0,300.0,1
HTC,2.0,32.0,2700.0,13.0,250.0,1
HTC,5.0,16.0,2100.0,13.0,280.0,1
HTC,2.0,16.0,2600.0,4.0,300.0,1
HTC,1.0,4.0,1950.0,5.0,160.0,1
HTC,2.0,16.0,2600.0,13.0,420.0,1
HTC,1.0,16.0,2110.0,13.0,250.0,1
HTC,1.0,4.0,2000.0,8.0,180.0,1
HTC,2.0,32.0,2600.0,4.0,250.0,1
HTC,2.0,32.0,2600.0,4.0,250.0,1
HTC,1.0,4.0,2000.0,5.0,150.0,1
HTC,5.0,8.0,2600.0,13.0,250.0,1
HTC,5.0,8.0,2600.0,13.0,250.0,1
HTC,1.0,8.0,2040.0,8.0,200.0,1
HTC,1.0,8.0,2100.0,8.0,190.0,1
HTC,1.0,8.0,2100.0,8.0,220.0,1
HTC,1.0,8.0,2100.0,8.0,250.0,1
HTC,1.0,4.0,2100.0,5.0,270.0,1
HTC,1.0,8.0,2100.0,8.0,240.0,1
HTC,2.0,32.0,3300.0,4.0,370.0,1
HTC,1.0,8.0,2100.0,5.0,230.0,1
HTC,1.0,4.0,1800.0,8.0,180.0,1
HTC,1.0,16.0,1800.0,4.0,240.0,1
HTC,1.0,8.0,1800.0,8.0,170.0,1
HTC,2.0,16.0,3200.0,4.0,300.0,1
HTC,1.0,8.0,1860.0,8.0,290.0,1
HTC,1.0,16.0,2000.0,5.0,200.0,1
HTC,2.0,32.0,2300.0,4.0,300.0,1
HTC,2.0,64.0,2300.0,4.0,270.0,2
HTC,1.0,4.0,1800.0,5.0,240.0,1
HTC,2.0,16.0,2020.0,8.0,330.0,1
HTC,2.0,16.0,2020.0,8.0,280.0,1
HTC,1.0,8.0,1800.0,5.0,180.0,1
HTC,1.0,8.0,1800.0,5.0,200.0,1
HTC,1.0,8.0,1800.0,5.0,290.0,1
HTC,1.0,64.0,2100.0,8.0,220.0,2
HTC,1.0,16.0,1800.0,8.0,200.0,1
HTC,1.0,16.0,1800.0,8.0,170.0,1
HTC,1.0,4.0,1800.0,5.0,200.0,1
HTC,1.0,4.0,1800.0,5.0,220.0,1
HTC,1.0,16.0,1810.0,8.0,220.0,1
HTC,1.0,8.0,1700.0,8.0,270.0,1
HTC,1.0,16.0,2000.0,8.0,180.0,1
HTC,1.0,16.0,2000.0,8.0,200.0,1
HTC,1.0,32.0,1800.0,8.0,170.0,1
HTC,1.0,16.0,1800.0,8.0,190.0,1
HTC,1.0,32.0,1800.0,8.0,180.0,1
HTC,1.0,16.0,1650.0,8.0,180.0,1
HTC,1.0,16.0,1650.0,8.0,220.0,1
HTC,1.0,16.0,1620.0,8.0,160.0,1
HTC,1.0,16.0,1620.0,8.0,200.0,1
HTC,1.0,16.0,1620.0,8.0,160.0,1
HTC,1.0,16.0,1620.0,8.0,160.0,1
HTC,1.0,16.0,1730.0,8.0,180.0,1
HTC,1.0,16.0,1620.0,8.0,230.0,1
HTC,1.0,1.0,1730.0,5.0,150.0,1
HTC,1.0,4.0,1730.0,5.0,220.0,1
HTC,1.0,32.0,4000.0,5.0,300.0,1
HTC,1.0,32.0,4000.0,5.0,110.0,1
HTC,1.0,32.0,4000.0,5.0,220.0,1
HTC,1.0,4.0,1730.0,8.0,150.0,1
Huawei,6.0,64.0,3200.0,20.0,500.0,2
Huawei,3.0,32.0,4000.0,12.0,250.0,1
Huawei,3.0,32.0,4800.0,8.0,300.0,1
Huawei,3.0,32.0,6660.0,8.0,330.0,1
Huawei,4.0,128.0,3340.0,8.0,380.0,3
Huawei,4.0,64.0,2950.0,8.0,330.0,2
Huawei,2.0,16.0,4800.0,5.0,220.0,1
Huawei,1.0,8.0,3100.0,2.0,130.0,1
Huawei,2.0,16.0,4000.0,12.0,250.0,1
Huawei,2.0,16.0,3020.0,13.0,150.0,1
Huawei,2.0,16.0,3000.0,13.0,150.0,1
Huawei,2.0,16.0,3000.0,8.0,160.0,1
Huawei,6.0,64.0,4000.0,12.0,550.0,2
Huawei,4.0,64.0,3750.0,20.0,700.0,2
Huawei,4.0,64.0,3200.0,20.0,600.0,2
Huawei,3.0,16.0,3000.0,12.0,200.0,1
Huawei,4.0,64.0,2900.0,12.0,600.0,2
Huawei,2.0,16.0,3020.0,13.0,250.0,1
Huawei,4.0,64.0,4000.0,20.0,850.0,2
Huawei,6.0,256.0,4000.0,20.0,1400.0,4
Huawei,4.0,64.0,4000.0,20.0,630.0,2
Huawei,4.0,32.0,3500.0,12.0,450.0,1
Huawei,3.0,16.0,4100.0,13.0,200.0,1
Huawei,3.0,32.0,4800.0,8.0,230.0,1
Huawei,3.0,32.0,3340.0,12.0,210.0,1
Huawei,2.0,16.0,3100.0,13.0,140.0,1
Huawei,4.0,64.0,5100.0,8.0,340.0,2
Huawei,3.0,32.0,3340.0,16.0,420.0,1
Huawei,3.0,32.0,3020.0,12.0,300.0,1
Huawei,2.0,16.0,6660.0,8.0,240.0,1
Huawei,2.0,16.0,4360.0,13.0,230.0,1
Huawei,1.0,16.0,4100.0,2.0,150.0,1
Huawei,4.0,32.0,3340.0,16.0,280.0,1
Huawei,4.0,128.0,4500.0,13.0,440.0,3
Huawei,4.0,64.0,3000.0,12.0,340.0,2
Huawei,2.0,16.0,2200.0,13.0,120.0,1
Huawei,2.0,16.0,4100.0,5.0,100.0,1
Huawei,3.0,32.0,4360.0,13.0,250.0,1
Huawei,2.0,16.0,3000.0,13.0,170.0,1
Huawei,1.0,8.0,2100.0,5.0,80.0,1
Huawei,1.0,8.0,2200.0,8.0,110.0,1
Huawei,3.0,16.0,3000.0,13.0,250.0,1
Huawei,4.0,64.0,3400.0,12.0,580.0,2
Huawei,3.0,32.0,3000.0,12.0,400.0,1
Huawei,2.0,16.0,4000.0,13.0,140.0,1
Huawei,2.0,16.0,6660.0,13.0,310.0,1
Huawei,2.0,16.0,2200.0,13.0,200.0,1
Huawei,3.0,32.0,4000.0,16.0,430.0,1
Huawei,3.0,32.0,3000.0,13.0,280.0,1
Huawei,2.0,16.0,3000.0,13.0,300.0,1
Huawei,2.0,16.0,4000.0,13.0,190.0,1
Huawei,3.0,128.0,3450.0,3.0,450.0,3
Huawei,3.0,128.0,2700.0,13.0,350.0,3
Huawei,3.0,32.0,3100.0,13.0,310.0,1
Huawei,2.0,8.0,2200.0,8.0,90.0,1
Huawei,2.0,16.0,3000.0,13.0,330.0,1
Huawei,3.0,64.0,3100.0,20.0,300.0,2
Huawei,2.0,16.0,4800.0,8.0,250.0,1
Huawei,1.0,8.0,1730.0,8.0,70.0,1
Huawei,1.0,8.0,2000.0,5.0,110.0,1
Huawei,1.0,4.0,2000.0,8.0,130.0,1
Huawei,2.0,8.0,2550.0,13.0,170.0,1
Huawei,2.0,16.0,2200.0,13.0,230.0,1
Huawei,2.0,16.0,2200.0,13.0,170.0,1
Huawei,3.0,64.0,4360.0,13.0,420.0,2
Huawei,3.0,64.0,2680.0,13.0,270.0,2
Huawei,1.0,8.0,2200.0,5.0,170.0,1
Huawei,2.0,16.0,5000.0,13.0,370.0,1
Huawei,1.0,4.0,2000.0,5.0,140.0,1
Huawei,1.0,4.0,1950.0,5.0,110.0,1
Huawei,1.0,8.0,3500.0,8.0,200.0,1
Huawei,3.0,16.0,3600.0,8.0,320.0,1
Huawei,3.0,64.0,4100.0,13.0,500.0,2
Huawei,2.0,8.0,3000.0,13.0,200.0,1
Huawei,1.0,16.0,2000.0,8.0,100.0,1
Huawei,1.0,8.0,4800.0,5.0,180.0,1
Huawei,1.0,16.0,4800.0,5.0,150.0,1
Huawei,1.0,8.0,4100.0,2.0,100.0,1
Huawei,1.0,8.0,2000.0,8.0,100.0,1
Huawei,1.0,8.0,2000.0,8.0,180.0,1
Huawei,1.0,4.0,2000.0,5.0,130.0,1
Huawei,2.0,16.0,3000.0,13.0,260.0,1
Huawei,2.0,16.0,4100.0,13.0,340.0,1
Huawei,1.0,16.0,2000.0,8.0,130.0,1
Huawei,3.0,32.0,3100.0,13.0,290.0,1
Huawei,2.0,32.0,3000.0,13.0,200.0,1
Huawei,1.0,8.0,2300.0,8.0,200.0,1
Huawei,1.0,8.0,2000.0,5.0,110.0,1
Huawei,1.0,4.0,2000.0,8.0,170.0,1
Huawei,2.0,16.0,2500.0,13.0,250.0,1
Huawei,1.0,8.0,2000.0,8.0,180.0,1
Huawei,1.0,4.0,2300.0,5.0,270.0,1
Huawei,1.0,16.0,6600.0,15.0,350.0,1
Huawei,1.0,8.0,2000.0,8.0,240.0,1
Huawei,1.0,4.0,2000.0,8.0,250.0,1
Huawei,1.0,8.0,4800.0,5.0,300.0,1
Huawei,2.0,16.0,5000.0,13.0,350.0,1
Huawei,1.0,8.0,4100.0,15.0,160.0,1
Huawei,2.0,16.0,2000.0,8.0,300.0,1
Huawei,2.0,16.0,4050.0,13.0,330.0,1
Huawei,2.0,16.0,3000.0,13.0,250.0,1
Huawei,2.0,8.0,2300.0,8.0,140.0,1
Huawei,1.0,8.0,2400.0,8.0,250.0,1
Huawei,2.0,8.0,2150.0,13.0,230.0,1
Huawei,2.0,8.0,2150.0,8.0,190.0,1
Huawei,1.0,4.0,2150.0,5.0,150.0,1
Huawei,1.0,4.0,1700.0,5.0,160.0,1
Huawei,1.0,8.0,4100.0,15.0,150.0,1
Huawei,1.0,8.0,4100.0,15.0,180.0,1
Huawei,2.0,16.0,2000.0,8.0,230.0,1
Huawei,1.0,4.0,1650.0,5.0,120.0,1
Huawei,1.0,16.0,2420.0,13.0,210.0,1
Huawei,1.0,8.0,2150.0,8.0,250.0,1
Huawei,1.0,4.0,1950.0,5.0,260.0,1
Huawei,1.0,4.0,1500.0,5.0,180.0,1
Huawei,2.0,8.0,4050.0,8.0,230.0,1
Huawei,2.0,32.0,3000.0,13.0,310.0,1
Huawei,1.0,4.0,1930.0,5.0,200.0,1
Huawei,1.0,32.0,6600.0,15.0,250.0,1
Huawei,2.0,8.0,2230.0,8.0,150.0,1
Huawei,1.0,4.0,2000.0,8.0,150.0,1
Huawei,1.0,8.0,4100.0,15.0,150.0,1
Huawei,1.0,4.0,2600.0,8.0,230.0,1
Huawei,1.0,4.0,1670.0,8.0,170.0,1
Huawei,2.0,64.0,6600.0,8.0,330.0,2
Huawei,1.0,8.0,2600.0,8.0,350.0,1
Huawei,1.0,8.0,1800.0,8.0,210.0,1
Huawei,1.0,8.0,2600.0,8.0,260.0,1
Huawei,1.0,8.0,1800.0,8.0,290.0,1
Huawei,1.0,4.0,1800.0,8.0,260.0,1
Huawei,1.0,8.0,4100.0,5.0,150.0,1
Huawei,1.0,8.0,4100.0,5.0,160.0,1
Jolla,2.0,16.0,2500.0,8.0,170.0,1
Jolla,2.0,64.0,4450.0,5.0,170.0,2
Jolla,1.0,16.0,2100.0,8.0,180.0,1
Karbonn,1.0,8.0,1900.0,8.0,140.0,1
Karbonn,1.0,4.0,1700.0,5.0,80.0,1
Karbonn,1.0,8.0,2000.0,13.0,110.0,1
Karbonn,1.0,4.0,1500.0,5.0,80.0,1
Karbonn,2.0,16.0,2050.0,13.0,200.0,1
Karbonn,2.0,16.0,2000.0,16.0,220.0,1
Karbonn,1.0,16.0,2000.0,13.0,170.0,1
Karbonn,1.0,16.0,2300.0,13.0,200.0,1
Karbonn,1.0,4.0,1800.0,8.0,120.0,1
Karbonn,1.0,16.0,2000.0,13.0,180.0,1
Karbonn,1.0,16.0,2600.0,13.0,170.0,1
Karbonn,1.0,4.0,2000.0,8.0,160.0,1
Karbonn,1.0,4.0,1600.0,5.0,150.0,1
Karbonn,1.0,5.0,4500.0,15.0,100.0,1
Karbonn,1.0,5.0,6000.0,2.0,140.0,1
Kyocera,2.0,16.0,3100.0,8.0,320.0,1
Kyocera,2.0,16.0,3100.0,8.0,300.0,1
Kyocera,1.0,4.0,2500.0,5.0,270.0,1
Lava,4.0,32.0,3020.0,13.0,250.0,1
Lava,3.0,16.0,2620.0,8.0,160.0,1
Lava,3.0,16.0,3000.0,13.0,150.0,1
Lava,2.0,8.0,2500.0,8.0,100.0,1
Lava,3.0,16.0,2900.0,13.0,150.0,1
Lava,2.0,16.0,2500.0,13.0,120.0,1
Lava,2.0,32.0,2560.0,8.0,160.0,1
Lava,1.0,8.0,2200.0,8.0,110.0,1
Lava,1.0,8.0,2500.0,8.0,130.0,1
Lava,1.0,8.0,4000.0,10.0,130.0,1
Lava,1.0,8.0,1950.0,5.0,70.0,1
Lava,1.0,8.0,3000.0,8.0,100.0,1
Lava,1.0,8.0,2100.0,8.0,110.0,1
Lava,1.0,16.0,2000.0,13.0,150.0,1
Lava,1.0,8.0,2100.0,8.0,100.0,1
Lava,1.0,4.0,1700.0,5.0,80.0,1
Lava,1.0,4.0,2600.0,8.0,150.0,1
Lava,1.0,4.0,2000.0,8.0,150.0,1
Lava,1.0,4.0,2000.0,8.0,180.0,1
Lava,1.0,4.0,2000.0,8.0,170.0,1
LeEco,4.0,32.0,4000.0,13.0,280.0,1
LeEco,4.0,32.0,4070.0,16.0,280.0,1
LeEco,3.0,32.0,3000.0,16.0,200.0,1
LeEco,4.0,64.0,4070.0,16.0,330.0,2
LeEco,4.0,64.0,3100.0,21.0,350.0,2
LeEco,4.0,32.0,3000.0,21.0,260.0,1
LeEco,3.0,64.0,3000.0,16.0,190.0,2
LeEco,4.0,128.0,3400.0,21.0,350.0,3
LeEco,3.0,32.0,3000.0,13.0,210.0,1
Lenovo,3.0,16.0,7000.0,8.0,240.0,1
Lenovo,2.0,32.0,7000.0,5.0,140.0,1
Lenovo,3.0,16.0,4850.0,8.0,190.0,1
Lenovo,2.0,32.0,4850.0,5.0,100.0,1
Lenovo,3.0,16.0,4250.0,8.0,170.0,1
Lenovo,6.0,64.0,3100.0,13.0,450.0,2
Lenovo,2.0,16.0,2300.0,8.0,130.0,1
Lenovo,1.0,16.0,2300.0,8.0,110.0,1
Lenovo,1.0,8.0,2000.0,5.0,80.0,1
Lenovo,1.0,8.0,2000.0,5.0,70.0,1
Lenovo,4.0,32.0,5100.0,13.0,240.0,1
Lenovo,4.0,32.0,4000.0,16.0,250.0,1
Lenovo,2.0,16.0,4000.0,13.0,170.0,1
Lenovo,2.0,32.0,3000.0,13.0,200.0,1
Lenovo,2.0,16.0,3500.0,8.0,170.0,1
Lenovo,1.0,16.0,2750.0,8.0,200.0,1
Lenovo,3.0,32.0,4050.0,13.0,250.0,1
Lenovo,3.0,32.0,4050.0,13.0,230.0,1
Lenovo,4.0,64.0,4050.0,16.0,550.0,2
Lenovo,4.0,64.0,3500.0,13.0,220.0,2
Lenovo,1.0,8.0,2300.0,5.0,90.0,1
Lenovo,4.0,64.0,3100.0,13.0,520.0,2
Lenovo,2.0,32.0,7000.0,8.0,280.0,1
Lenovo,2.0,16.0,4290.0,5.0,120.0,1
Lenovo,1.0,16.0,3450.0,2.0,80.0,1
Lenovo,2.0,16.0,2750.0,13.0,140.0,1
Lenovo,2.0,16.0,2750.0,13.0,120.0,1
Lenovo,2.0,16.0,2900.0,13.0,180.0,1
Lenovo,3.0,32.0,4900.0,13.0,260.0,1
Lenovo,4.0,32.0,3500.0,13.0,190.0,1
Lenovo,2.0,16.0,2750.0,13.0,110.0,1
Lenovo,2.0,16.0,2700.0,13.0,210.0,1
Lenovo,3.0,16.0,3300.0,13.0,190.0,1
Lenovo,2.0,16.0,3300.0,13.0,320.0,1
Lenovo,3.0,64.0,3500.0,21.0,300.0,2
Lenovo,1.0,8.0,2300.0,8.0,110.0,1
Lenovo,4.0,64.0,200.0,13.0,480.0,2
Lenovo,1.0,16.0,6200.0,8.0,160.0,1
Lenovo,1.0,8.0,2000.0,5.0,60.0,1
Lenovo,1.0,16.0,4250.0,13.0,180.0,1
Lenovo,2.0,32.0,3500.0,13.0,250.0,1
Lenovo,2.0,32.0,5000.0,13.0,380.0,1
Lenovo,2.0,16.0,2300.0,13.0,160.0,1
Lenovo,1.0,8.0,2300.0,8.0,150.0,1
Lenovo,2.0,16.0,4000.0,8.0,110.0,1
Lenovo,3.0,32.0,2420.0,13.0,270.0,1
Lenovo,3.0,64.0,4100.0,13.0,320.0,2
Lenovo,1.0,8.0,2000.0,5.0,70.0,1
Lenovo,4.0,64.0,4000.0,13.0,280.0,2
Lenovo,2.0,8.0,2150.0,13.0,280.0,1
Lenovo,2.0,16.0,2300.0,8.0,110.0,1
Lenovo,2.0,16.0,3000.0,13.0,150.0,1
Lenovo,3.0,32.0,3000.0,16.0,300.0,1
Lenovo,2.0,16.0,2900.0,13.0,190.0,1
Lenovo,2.0,8.0,2900.0,8.0,150.0,1
Lenovo,1.0,8.0,4000.0,8.0,150.0,1
Lenovo,2.0,16.0,7000.0,8.0,180.0,1
Lenovo,1.0,16.0,4290.0,5.0,120.0,1
Lenovo,2.0,16.0,4000.0,13.0,240.0,1
Lenovo,1.0,16.0,3450.0,2.0,110.0,1
Lenovo,1.0,16.0,3450.0,2.0,100.0,1
Lenovo,1.0,8.0,2300.0,8.0,100.0,1
Lenovo,2.0,32.0,4000.0,13.0,450.0,1
Lenovo,2.0,32.0,2410.0,13.0,330.0,1
Lenovo,1.0,16.0,2300.0,8.0,80.0,1
Lenovo,1.0,8.0,2500.0,13.0,160.0,1
Lenovo,1.0,8.0,2500.0,8.0,210.0,1
Lenovo,2.0,32.0,2300.0,13.0,260.0,1
Lenovo,1.0,8.0,2150.0,8.0,170.0,1
Lenovo,1.0,8.0,2000.0,8.0,120.0,1
Lenovo,2.0,16.0,6400.0,8.0,230.0,1
Lenovo,2.0,16.0,4290.0,8.0,150.0,1
Lenovo,2.0,32.0,2300.0,13.0,270.0,1
Lenovo,2.0,32.0,3000.0,13.0,430.0,1
Lenovo,1.0,4.0,2500.0,5.0,160.0,1
Lenovo,3.0,32.0,4000.0,16.0,430.0,1
Lenovo,2.0,16.0,2500.0,13.0,150.0,1
Lenovo,1.0,8.0,2000.0,13.0,150.0,1
Lenovo,1.0,8.0,3000.0,8.0,180.0,1
Lenovo,1.0,4.0,2000.0,8.0,150.0,1
Lenovo,1.0,8.0,2500.0,8.0,120.0,1
Lenovo,1.0,4.0,2000.0,5.0,110.0,1
Lenovo,1.0,4.0,2000.0,5.0,90.0,1
Lenovo,1.0,8.0,2000.0,5.0,100.0,1
Lenovo,1.0,4.0,2000.0,5.0,70.0,1
Lenovo,1.0,32.0,6340.0,5.0,190.0,1
Lenovo,1.0,16.0,4200.0,5.0,140.0,1
Lenovo,1.0,16.0,3450.0,5.0,120.0,1
Lenovo,1.0,8.0,3500.0,2.0,80.0,1
Lenovo,2.0,16.0,4000.0,8.0,250.0,1
Lenovo,1.0,16.0,2000.0,13.0,200.0,1
Lenovo,1.0,8.0,3000.0,8.0,170.0,1
Lenovo,1.0,8.0,2500.0,5.0,130.0,1
Lenovo,1.0,8.0,2250.0,8.0,140.0,1
Lenovo,1.0,8.0,3000.0,8.0,220.0,1
Lenovo,1.0,8.0,2000.0,8.0,270.0,1
Lenovo,2.0,16.0,3000.0,13.0,480.0,1
Lenovo,1.0,32.0,6000.0,5.0,190.0,1
Lenovo,2.0,32.0,2000.0,13.0,420.0,1
Lenovo,1.0,16.0,3450.0,5.0,130.0,1
Lenovo,1.0,4.0,2250.0,5.0,150.0,1
Lenovo,1.0,4.0,2000.0,5.0,150.0,1
Lenovo,1.0,8.0,4000.0,8.0,190.0,1
Lenovo,1.0,8.0,2000.0,12.0,230.0,1
Lenovo,1.0,4.0,2250.0,8.0,250.0,1
Lenovo,1.0,32.0,6350.0,5.0,300.0,1
Lenovo,1.0,16.0,6350.0,5.0,220.0,1
Lenovo,1.0,16.0,3500.0,5.0,180.0,1
Lenovo,2.0,32.0,2500.0,13.0,360.0,1
Lenovo,1.0,4.0,2250.0,8.0,230.0,1
Lenovo,1.0,16.0,3550.0,15.0,150.0,1
Lenovo,1.0,4.0,2250.0,8.0,140.0,1
Lenovo,1.0,4.0,2000.0,8.0,110.0,1
Lenovo,1.0,4.0,3500.0,5.0,140.0,1
Lenovo,1.0,8.0,2250.0,8.0,290.0,1
Lenovo,1.0,16.0,1900.0,8.0,190.0,1
LG,2.0,32.0,4100.0,16.0,400.0,1
LG,4.0,128.0,3300.0,13.0,750.0,3
LG,2.0,32.0,3080.0,13.0,260.0,1
LG,3.0,16.0,3200.0,13.0,200.0,1
LG,5.0,16.0,2800.0,8.0,90.0,1
LG,2.0,16.0,2700.0,13.0,160.0,1
LG,2.0,16.0,2800.0,13.0,210.0,1
LG,5.0,16.0,2500.0,13.0,160.0,1
LG,1.0,8.0,2500.0,5.0,120.0,1
LG,1.0,8.0,2100.0,5.0,100.0,1
LG,2.0,32.0,6000.0,5.0,340.0,1
LG,4.0,64.0,3200.0,16.0,560.0,2
LG,5.0,16.0,2100.0,8.0,180.0,1
LG,2.0,16.0,2800.0,13.0,160.0,1
LG,3.0,32.0,3000.0,3.0,480.0,1
LG,2.0,16.0,4800.0,5.0,350.0,1
LG,2.0,16.0,4100.0,13.0,240.0,1
LG,5.0,16.0,2100.0,8.0,200.0,1
LG,2.0,32.0,3000.0,16.0,250.0,1
LG,2.0,16.0,3000.0,13.0,150.0,1
LG,1.0,8.0,1900.0,5.0,120.0,1
LG,1.0,8.0,1940.0,5.0,100.0,1
LG,3.0,32.0,2800.0,16.0,350.0,1
LG,4.0,32.0,2800.0,16.0,450.0,1
LG,2.0,16.0,2520.0,13.0,320.0,1
LG,2.0,16.0,2300.0,13.0,180.0,1
LG,5.0,16.0,2125.0,8.0,150.0,1
LG,5.0,16.0,3000.0,13.0,190.0,1
LG,1.0,16.0,2300.0,13.0,170.0,1
LG,1.0,8.0,2125.0,5.0,110.0,1
LG,1.0,8.0,1940.0,5.0,100.0,1
LG,1.0,16.0,3000.0,13.0,190.0,1
LG,2.0,16.0,3000.0,13.0,190.0,1
LG,4.0,64.0,3000.0,16.0,250.0,2
LG,2.0,32.0,2700.0,3.0,270.0,1
LG,5.0,16.0,2050.0,13.0,190.0,1
LG,5.0,32.0,4200.0,5.0,300.0,1
LG,1.0,4.0,1700.0,15.0,150.0,1
LG,1.0,8.0,1900.0,5.0,90.0,1
LG,1.0,8.0,2540.0,8.0,130.0,1
LG,5.0,8.0,2300.0,8.0,160.0,1
LG,1.0,8.0,2540.0,8.0,150.0,1
LG,3.0,32.0,3000.0,16.0,280.0,1
LG,3.0,32.0,3000.0,16.0,300.0,1
LG,1.0,8.0,3000.0,8.0,180.0,1
LG,1.0,8.0,3000.0,13.0,250.0,1
LG,5.0,16.0,2610.0,8.0,220.0,1
LG,1.0,8.0,2540.0,8.0,140.0,1
LG,1.0,8.0,2100.0,8.0,120.0,1
LG,1.0,8.0,1900.0,5.0,120.0,1
LG,2.0,16.0,3000.0,13.0,270.0,1
LG,1.0,4.0,2100.0,5.0,50.0,1
LG,1.0,8.0,2460.0,8.0,130.0,1
LG,1.0,4.0,1820.0,8.0,100.0,1
LG,3.0,32.0,3000.0,13.0,250.0,1
LG,2.0,32.0,3000.0,13.0,250.0,1
LG,1.0,8.0,2100.0,5.0,100.0,1
LG,1.0,8.0,3000.0,13.0,240.0,1
LG,1.0,8.0,2540.0,8.0,100.0,1
LG,1.0,4.0,1900.0,8.0,110.0,1
LG,1.0,32.0,4200.0,5.0,240.0,1
LG,5.0,8.0,3200.0,8.0,270.0,1
LG,2.0,32.0,2610.0,13.0,360.0,1
LG,1.0,16.0,4000.0,5.0,190.0,1
LG,5.0,8.0,3200.0,8.0,300.0,1
LG,3.0,32.0,3000.0,13.0,330.0,1
LG,1.0,8.0,2540.0,8.0,210.0,1
LG,1.0,8.0,2540.0,8.0,190.0,1
LG,1.0,4.0,2100.0,5.0,190.0,1
LG,3.0,32.0,3000.0,13.0,300.0,1
LG,2.0,16.0,3000.0,13.0,300.0,1
LG,1.0,8.0,3000.0,8.0,130.0,1
LG,1.0,16.0,4200.0,5.0,220.0,1
LG,1.0,8.0,4000.0,15.0,160.0,1
LG,1.0,8.0,2540.0,8.0,150.0,1
LG,1.0,4.0,2540.0,5.0,120.0,1
LG,1.0,8.0,2440.0,5.0,220.0,1
LG,1.0,4.0,2100.0,5.0,150.0,1
LG,2.0,16.0,4600.0,5.0,220.0,1
LG,1.0,8.0,2440.0,5.0,200.0,1
LG,1.0,8.0,2440.0,13.0,240.0,1
LG,1.0,8.0,2440.0,8.0,180.0,1
LG,1.0,8.0,2440.0,8.0,160.0,1
LG,1.0,8.0,2540.0,5.0,290.0,1
LG,1.0,8.0,2540.0,5.0,170.0,1
LG,1.0,4.0,2100.0,5.0,150.0,1
LG,1.0,4.0,2100.0,5.0,130.0,1
LG,3.0,32.0,3200.0,13.0,310.0,1
LG,1.0,4.0,2460.0,5.0,230.0,1
LG,2.0,32.0,3140.0,13.0,250.0,1
LG,2.0,32.0,2300.0,8.0,260.0,1
LG,2.0,32.0,3500.0,13.0,360.0,1
LG,1.0,8.0,3140.0,8.0,250.0,1
LG,1.0,8.0,3140.0,8.0,240.0,1
LG,2.0,16.0,4600.0,5.0,300.0,1
LG,2.0,32.0,3000.0,13.0,270.0,1
LG,1.0,8.0,2150.0,8.0,250.0,1
LG,1.0,8.0,2460.0,5.0,260.0,1
LG,2.0,16.0,2280.0,13.0,270.0,1
LG,1.0,4.0,2460.0,5.0,100.0,1
LG,1.0,8.0,2460.0,5.0,270.0,1
LG,1.0,8.0,2540.0,8.0,150.0,1
LG,1.0,4.0,2460.0,5.0,200.0,1
LG,1.0,8.0,2150.0,5.0,220.0,1
LG,2.0,32.0,3140.0,13.0,400.0,1
LG,2.0,16.0,2100.0,8.0,250.0,1
LG,1.0,16.0,2150.0,8.0,170.0,1
LG,1.0,8.0,1700.0,5.0,150.0,1
LG,1.0,4.0,2150.0,5.0,170.0,1
LG,2.0,16.0,2100.0,8.0,250.0,1
LG,2.0,32.0,2100.0,13.0,480.0,1
LG,2.0,32.0,2100.0,13.0,160.0,1
LG,1.0,32.0,2080.0,8.0,190.0,1
LG,1.0,4.0,2150.0,5.0,180.0,1
LG,1.0,4.0,2150.0,5.0,170.0,1
LG,1.0,8.0,1700.0,5.0,110.0,1
LG,1.0,32.0,2100.0,8.0,210.0,1
LG,2.0,16.0,2150.0,8.0,210.0,1
LG,1.0,4.0,1830.0,8.0,220.0,1
LG,1.0,8.0,1700.0,5.0,200.0,1
LG,1.0,16.0,2150.0,8.0,220.0,1
LG,1.0,8.0,1520.0,5.0,230.0,1
LG,1.0,16.0,1520.0,5.0,210.0,1
LG,1.0,32.0,2080.0,8.0,240.0,1
LG,1.0,16.0,1700.0,5.0,130.0,1
LG,1.0,4.0,1540.0,5.0,110.0,1
LG,1.0,4.0,1700.0,5.0,140.0,1
LG,1.0,4.0,1830.0,8.0,130.0,1
LG,1.0,8.0,1540.0,8.0,210.0,1
LG,1.0,4.0,1830.0,8.0,170.0,1
LG,1.0,2.0,1830.0,8.0,220.0,1
LG,1.0,4.0,1830.0,8.0,120.0,1
LG,1.0,4.0,1830.0,8.0,140.0,1
LG,1.0,8.0,1500.0,5.0,110.0,1
LG,1.0,8.0,1500.0,5.0,120.0,1
Meizu,2.0,16.0,3000.0,8.0,140.0,1
Meizu,2.0,16.0,3400.0,13.0,210.0,1
Meizu,3.0,32.0,3000.0,13.0,130.0,1
Meizu,3.0,32.0,4000.0,13.0,190.0,1
Meizu,4.0,128.0,3400.0,12.0,550.0,3
Meizu,3.0,32.0,3150.0,16.0,190.0,1
Meizu,2.0,16.0,2760.0,13.0,160.0,1
Meizu,2.0,16.0,3260.0,13.0,190.0,1
Meizu,4.0,64.0,3060.0,12.0,430.0,2
Meizu,2.0,16.0,3070.0,13.0,120.0,1
Meizu,3.0,64.0,4100.0,13.0,270.0,2
Meizu,3.0,32.0,3100.0,13.0,220.0,1
Meizu,4.0,32.0,3060.0,12.0,300.0,1
Meizu,2.0,16.0,3020.0,13.0,120.0,1
Meizu,2.0,16.0,2870.0,13.0,130.0,1
Meizu,4.0,64.0,2560.0,21.0,410.0,2
Meizu,2.0,16.0,4100.0,13.0,180.0,1
Meizu,2.0,32.0,3140.0,13.0,170.0,1
Meizu,3.0,32.0,3050.0,21.0,390.0,1
Meizu,2.0,16.0,2500.0,13.0,130.0,1
Meizu,3.0,64.0,3150.0,7.0,210.0,2
Meizu,2.0,32.0,3100.0,13.0,200.0,1
Meizu,2.0,32.0,3140.0,13.0,130.0,1
Meizu,1.0,8.0,2500.0,13.0,100.0,1
Meizu,3.0,64.0,3350.0,7.0,400.0,2
Meizu,2.0,64.0,3100.0,7.0,340.0,2
Meizu,2.0,128.0,2400.0,8.0,370.0,3
Meizu,2.0,64.0,1800.0,8.0,310.0,2
Meizu,1.0,64.0,1700.0,8.0,310.0,2
Meizu,1.0,16.0,1600.0,8.0,270.0,1
Micromax,2.0,16.0,4000.0,8.0,100.0,1
Micromax,3.0,32.0,4000.0,13.0,140.0,1
Micromax,4.0,128.0,3200.0,13.0,360.0,3
Micromax,1.0,8.0,1800.0,5.0,60.0,1
Micromax,1.0,8.0,3000.0,8.0,100.0,1
Micromax,1.0,8.0,4000.0,8.0,90.0,1
Micromax,1.0,8.0,1800.0,5.0,80.0,1
Micromax,1.0,8.0,1800.0,5.0,70.0,1
Micromax,1.0,8.0,1600.0,5.0,60.0,1
Micromax,1.0,8.0,2000.0,5.0,70.0,1
Micromax,1.0,8.0,3000.0,8.0,100.0,1
Micromax,1.0,8.0,2000.0,5.0,50.0,1
Micromax,1.0,8.0,2500.0,8.0,70.0,1
Micromax,2.0,16.0,2500.0,13.0,100.0,1
Micromax,1.0,16.0,2500.0,8.0,80.0,1
Micromax,4.0,16.0,3000.0,13.0,180.0,1
Micromax,1.0,8.0,3000.0,5.0,170.0,1
Micromax,3.0,16.0,2100.0,13.0,130.0,1
Micromax,3.0,16.0,2500.0,13.0,150.0,1
Micromax,1.0,8.0,2000.0,8.0,90.0,1
Micromax,2.0,16.0,2500.0,13.0,120.0,1
Micromax,3.0,16.0,2900.0,13.0,170.0,1
Micromax,1.0,8.0,2500.0,13.0,90.0,1
Micromax,1.0,8.0,2800.0,8.0,120.0,1
Micromax,2.0,16.0,2000.0,8.0,250.0,1
Micromax,1.0,8.0,4000.0,5.0,130.0,1
Micromax,2.0,16.0,2260.0,13.0,230.0,1
Micromax,1.0,8.0,1700.0,5.0,90.0,1
Micromax,1.0,8.0,3000.0,8.0,140.0,1
Micromax,2.0,16.0,2400.0,13.0,150.0,1
Micromax,1.0,8.0,2000.0,8.0,110.0,1
Micromax,1.0,8.0,2820.0,5.0,110.0,1
Micromax,1.0,8.0,2000.0,8.0,70.0,1
Micromax,2.0,8.0,3000.0,8.0,130.0,1
Micromax,1.0,8.0,1700.0,5.0,90.0,1
Micromax,1.0,8.0,2000.0,8.0,100.0,1
Micromax,1.0,8.0,4400.0,5.0,150.0,1
Micromax,1.0,8.0,3200.0,5.0,90.0,1
Micromax,2.0,16.0,2300.0,13.0,240.0,1
Micromax,1.0,8.0,3000.0,8.0,150.0,1
Micromax,1.0,4.0,1900.0,5.0,80.0,1
Micromax,1.0,8.0,1950.0,5.0,110.0,1
Micromax,1.0,8.0,2000.0,8.0,150.0,1
Micromax,1.0,4.0,1700.0,5.0,80.0,1
Micromax,2.0,8.0,2500.0,13.0,170.0,1
Micromax,1.0,8.0,1500.0,5.0,70.0,1
Micromax,1.0,8.0,2350.0,8.0,140.0,1
Micromax,1.0,8.0,2000.0,8.0,170.0,1
Micromax,2.0,32.0,2300.0,16.0,300.0,1
Micromax,1.0,8.0,2000.0,8.0,120.0,1
Micromax,1.0,8.0,1500.0,5.0,80.0,1
Micromax,1.0,8.0,2000.0,5.0,90.0,1
Micromax,1.0,4.0,2000.0,8.0,120.0,1
Micromax,1.0,4.0,2000.0,8.0,110.0,1
Micromax,1.0,8.0,2500.0,5.0,100.0,1
Micromax,1.0,4.0,1900.0,8.0,190.0,1
Micromax,2.0,32.0,2350.0,16.0,240.0,1
Micromax,1.0,4.0,1800.0,8.0,170.0,1
Micromax,1.0,4.0,2450.0,8.0,170.0,1
Micromax,1.0,4.0,2000.0,8.0,150.0,1
Micromax,1.0,4.0,3000.0,5.0,90.0,1
Micromax,1.0,4.0,2000.0,12.0,180.0,1
Micromax,2.0,16.0,2000.0,13.0,240.0,1
Micromax,1.0,16.0,4800.0,5.0,170.0,1
Micromax,1.0,4.0,2000.0,8.0,140.0,1
Micromax,1.0,16.0,2600.0,12.0,230.0,1
Micromax,1.0,16.0,2000.0,13.0,230.0,1
Micromax,1.0,4.0,2000.0,8.0,180.0,1
Micromax,1.0,4.0,2000.0,8.0,230.0,1
Microsoft,1.0,16.0,2000.0,8.0,150.0,1
Microsoft,3.0,32.0,3340.0,20.0,350.0,1
Microsoft,3.0,32.0,3340.0,20.0,350.0,1
Microsoft,3.0,32.0,3000.0,20.0,280.0,1
Microsoft,3.0,32.0,3000.0,20.0,280.0,1
Microsoft,1.0,8.0,2100.0,5.0,90.0,1
Microsoft,1.0,8.0,2200.0,8.0,100.0,1
Microsoft,1.0,8.0,1500.0,2.0,70.0,1
Microsoft,1.0,8.0,3000.0,13.0,200.0,1
Microsoft,1.0,8.0,3000.0,13.0,200.0,1
Microsoft,1.0,8.0,3000.0,13.0,170.0,1
Microsoft,1.0,8.0,3000.0,13.0,170.0,1
Microsoft,1.0,8.0,2500.0,8.0,150.0,1
Microsoft,1.0,8.0,2500.0,8.0,120.0,1
Microsoft,1.0,8.0,2500.0,8.0,170.0,1
Microsoft,1.0,8.0,1560.0,5.0,90.0,1
Microsoft,1.0,8.0,1560.0,5.0,90.0,1
Microsoft,1.0,8.0,1560.0,2.0,70.0,1
Microsoft,1.0,8.0,1560.0,2.0,70.0,1
Microsoft,1.0,8.0,1905.0,5.0,80.0,1
Microsoft,1.0,8.0,1905.0,5.0,80.0,1
Motorola,3.0,16.0,5000.0,13.0,190.0,1
Motorola,2.0,32.0,5000.0,13.0,180.0,1
Motorola,2.0,16.0,2800.0,8.0,150.0,1
Motorola,2.0,16.0,2800.0,8.0,130.0,1
Motorola,3.0,32.0,3000.0,12.0,400.0,1
Motorola,2.0,16.0,4000.0,8.0,120.0,1
Motorola,1.0,8.0,2350.0,5.0,100.0,1
Motorola,4.0,64.0,3000.0,12.0,280.0,2
Motorola,3.0,32.0,2800.0,13.0,200.0,1
Motorola,4.0,32.0,3050.0,16.0,250.0,1
Motorola,2.0,16.0,3500.0,8.0,130.0,1
Motorola,3.0,32.0,3510.0,16.0,350.0,1
Motorola,1.0,8.0,2800.0,8.0,120.0,1
Motorola,4.0,64.0,3500.0,21.0,720.0,2
Motorola,4.0,64.0,2600.0,13.0,540.0,2
Motorola,2.0,16.0,3000.0,16.0,230.0,1
Motorola,2.0,32.0,3000.0,13.0,190.0,1
Motorola,2.0,16.0,2800.0,8.0,140.0,1
Motorola,2.0,16.0,2470.0,13.0,280.0,1
Motorola,3.0,64.0,3760.0,21.0,330.0,2
Motorola,3.0,64.0,3760.0,21.0,390.0,2
Motorola,2.0,16.0,3630.0,21.0,330.0,1
Motorola,3.0,64.0,3000.0,21.0,260.0,2
Motorola,2.0,32.0,3630.0,21.0,250.0,1
Motorola,2.0,32.0,3630.0,21.0,240.0,1
Motorola,1.0,8.0,2470.0,13.0,170.0,1
Motorola,1.0,8.0,2470.0,13.0,170.0,1
Motorola,1.0,8.0,2390.0,5.0,100.0,1
Motorola,1.0,8.0,2390.0,5.0,130.0,1
Motorola,1.0,8.0,2390.0,8.0,210.0,1
Motorola,1.0,16.0,2390.0,8.0,240.0,1
Motorola,3.0,64.0,3900.0,21.0,300.0,2
Motorola,3.0,64.0,3900.0,21.0,290.0,2
Motorola,3.0,64.0,3220.0,13.0,420.0,2
Motorola,2.0,32.0,2300.0,13.0,320.0,1
Motorola,1.0,16.0,2070.0,8.0,200.0,1
Motorola,1.0,8.0,2070.0,8.0,160.0,1
Motorola,1.0,8.0,2070.0,5.0,160.0,1
Motorola,1.0,8.0,2000.0,8.0,240.0,1
Motorola,1.0,4.0,1980.0,5.0,100.0,1
Motorola,1.0,4.0,1980.0,5.0,90.0,1
Motorola,1.0,16.0,2070.0,5.0,140.0,1
Motorola,1.0,16.0,2070.0,5.0,130.0,1
Motorola,2.0,64.0,2200.0,10.0,250.0,2
Motorola,2.0,16.0,2130.0,10.0,250.0,1
Motorola,2.0,32.0,3500.0,10.0,220.0,1
Motorola,2.0,16.0,2000.0,10.0,180.0,1
Motorola,1.0,4.0,2000.0,8.0,230.0,1
Motorola,1.0,4.0,1785.0,5.0,150.0,1
Motorola,1.0,8.0,2000.0,8.0,250.0,1
Motorola,1.0,8.0,2000.0,8.0,180.0,1
Motorola,1.0,32.0,3300.0,8.0,270.0,1
Motorola,1.0,16.0,2530.0,8.0,250.0,1
Motorola,1.0,16.0,2530.0,8.0,250.0,1
Motorola,1.0,8.0,2000.0,8.0,250.0,1
Motorola,1.0,8.0,2000.0,8.0,250.0,1
Motorola,1.0,8.0,1780.0,8.0,260.0,1
Motorola,1.0,8.0,1785.0,8.0,220.0,1
Motorola,1.0,8.0,1780.0,8.0,220.0,1
Motorola,1.0,4.0,1750.0,8.0,210.0,1
Motorola,1.0,4.0,1780.0,8.0,210.0,1
Motorola,1.0,16.0,3300.0,8.0,230.0,1
Motorola,1.0,16.0,1785.0,8.0,260.0,1
Motorola,1.0,8.0,3300.0,8.0,260.0,1
Motorola,1.0,32.0,3960.0,5.0,290.0,1
Motorola,1.0,64.0,7000.0,5.0,260.0,2
Motorola,1.0,16.0,3960.0,5.0,210.0,1
Motorola,1.0,32.0,3960.0,5.0,210.0,1
Motorola,1.0,32.0,7000.0,5.0,210.0,1
Motorola,1.0,32.0,7000.0,5.0,210.0,1
Motorola,1.0,16.0,1780.0,8.0,220.0,1
Motorola,1.0,16.0,1780.0,8.0,220.0,1
Motorola,1.0,8.0,1785.0,8.0,230.0,1
Motorola,1.0,16.0,1700.0,8.0,270.0,1
Motorola,1.0,16.0,1930.0,5.0,170.0,1
Motorola,1.0,16.0,1930.0,5.0,190.0,1
NEC,1.0,8.0,1900.0,5.0,330.0,1
Nokia,2.0,16.0,2630.0,8.0,160.0,1
Nokia,2.0,16.0,3000.0,13.0,200.0,1
Nokia,3.0,32.0,3000.0,16.0,230.0,1
Nokia,1.0,8.0,1830.0,5.0,100.0,1
Nokia,2.0,32.0,5300.0,8.0,320.0,1
Nokia,1.0,8.0,2200.0,7.0,170.0,1
Nokia,1.0,8.0,2200.0,7.0,220.0,1
Nokia,1.0,16.0,2200.0,10.0,330.0,1
Nokia,1.0,4.0,1800.0,5.0,90.0,1
Nokia,2.0,32.0,2420.0,20.0,370.0,1
Nokia,1.0,8.0,1830.0,5.0,110.0,1
Nokia,2.0,32.0,2420.0,20.0,400.0,1
Nokia,1.0,8.0,1430.0,5.0,120.0,1
Nokia,2.0,16.0,3400.0,20.0,350.0,1
Nokia,1.0,8.0,3400.0,5.0,210.0,1
Nokia,2.0,32.0,2000.0,41.0,400.0,1
Nokia,1.0,16.0,2000.0,8.0,260.0,1
Nokia,1.0,32.0,2000.0,8.0,380.0,1
Nokia,1.0,16.0,1800.0,8.0,320.0,1
Nokia,1.0,8.0,1800.0,8.0,250.0,1
Nokia,1.0,32.0,2000.0,8.0,210.0,1
Nokia,1.0,8.0,1650.0,8.0,170.0,1
Nokia,1.0,64.0,1450.0,8.0,140.0,2
Nvidia,2.0,16.0,5200.0,5.0,200.0,1
OnePlus,6.0,64.0,3300.0,16.0,500.0,2
OnePlus,6.0,128.0,3400.0,16.0,440.0,3
OnePlus,6.0,64.0,3000.0,16.0,400.0,2
OnePlus,3.0,16.0,2525.0,13.0,270.0,1
OnePlus,3.0,16.0,3300.0,13.0,300.0,1
OnePlus,3.0,64.0,3100.0,13.0,250.0,2
Oppo,6.0,64.0,4000.0,20.0,500.0,2
Oppo,4.0,64.0,3000.0,20.0,400.0,2
Oppo,4.0,64.0,3200.0,13.0,330.0,2
Oppo,4.0,64.0,3200.0,13.0,380.0,2
Oppo,4.0,64.0,4000.0,16.0,480.0,2
Oppo,3.0,32.0,2900.0,13.0,260.0,1
Oppo,4.0,32.0,3075.0,13.0,300.0,1
Oppo,6.0,64.0,4000.0,16.0,570.0,2
Oppo,4.0,64.0,3010.0,16.0,450.0,2
Oppo,2.0,16.0,2630.0,8.0,220.0,1
Oppo,3.0,32.0,3075.0,13.0,290.0,1
Oppo,4.0,128.0,4120.0,16.0,550.0,3
Oppo,4.0,64.0,2850.0,13.0,350.0,2
Oppo,3.0,16.0,2500.0,13.0,230.0,1
Oppo,2.0,16.0,2400.0,8.0,240.0,1
Oppo,1.0,16.0,2420.0,8.0,140.0,1
Oppo,4.0,32.0,3070.0,13.0,260.0,1
Oppo,2.0,16.0,2320.0,13.0,250.0,1
Oppo,3.0,32.0,2000.0,13.0,200.0,1
Oppo,2.0,16.0,2420.0,8.0,220.0,1
Oppo,1.0,4.0,2000.0,5.0,130.0,1
Oppo,3.0,32.0,4100.0,13.0,430.0,1
Oppo,3.0,16.0,2320.0,13.0,360.0,1
Oppo,1.0,16.0,2000.0,8.0,70.0,1
Oppo,1.0,8.0,2000.0,8.0,160.0,1
Oppo,1.0,4.0,1700.0,15.0,100.0,1
Oppo,1.0,8.0,2000.0,8.0,270.0,1
Oppo,1.0,8.0,2000.0,8.0,150.0,1
Oppo,2.0,16.0,2420.0,13.0,340.0,1
Oppo,2.0,16.0,2000.0,13.0,400.0,1
Oppo,2.0,32.0,3000.0,16.0,550.0,1
Oppo,1.0,16.0,2410.0,13.0,290.0,1
Oppo,1.0,4.0,1900.0,5.0,130.0,1
Oppo,1.0,4.0,2000.0,8.0,240.0,1
Oppo,1.0,4.0,1900.0,5.0,200.0,1
Oppo,1.0,4.0,1900.0,5.0,140.0,1
Oppo,2.0,16.0,2140.0,13.0,330.0,1
Oppo,1.0,8.0,2410.0,8.0,270.0,1
Oppo,3.0,32.0,3000.0,13.0,440.0,1
Oppo,2.0,16.0,2800.0,13.0,370.0,1
Oppo,1.0,16.0,2410.0,8.0,300.0,1
Oppo,2.0,32.0,3610.0,13.0,430.0,1
Oppo,1.0,16.0,2000.0,8.0,250.0,1
Oppo,2.0,32.0,2500.0,13.0,540.0,1
Oppo,1.0,16.0,2020.0,8.0,280.0,1
Oppo,1.0,4.0,3150.0,8.0,100.0,1
Oppo,1.0,4.0,1710.0,8.0,100.0,1
Oppo,1.0,4.0,1700.0,5.0,100.0,1
Oppo,1.0,16.0,1500.0,8.0,100.0,1
Panasonic,2.0,16.0,4000.0,8.0,90.0,1
Panasonic,3.0,16.0,4000.0,13.0,110.0,1
Panasonic,3.0,32.0,3000.0,13.0,150.0,1
Panasonic,3.0,32.0,4000.0,13.0,130.0,1
Panasonic,4.0,64.0,3000.0,16.0,170.0,2
Panasonic,3.0,16.0,3000.0,13.0,160.0,1
Panasonic,2.0,16.0,2200.0,13.0,130.0,1
Panasonic,2.0,16.0,2600.0,13.0,160.0,1
Panasonic,3.0,16.0,2500.0,13.0,100.0,1
Panasonic,1.0,8.0,2000.0,8.0,100.0,1
Panasonic,2.0,16.0,2800.0,8.0,150.0,1
Panasonic,3.0,32.0,2450.0,8.0,200.0,1
Panasonic,3.0,32.0,3000.0,16.0,170.0,1
Panasonic,3.0,16.0,4000.0,8.0,150.0,1
Panasonic,2.0,16.0,2700.0,13.0,150.0,1
Panasonic,3.0,16.0,2000.0,8.0,130.0,1
Panasonic,2.0,16.0,3200.0,8.0,110.0,1
Panasonic,3.0,32.0,2350.0,13.0,140.0,1
Panasonic,1.0,8.0,1600.0,5.0,70.0,1
Panasonic,2.0,16.0,2500.0,13.0,200.0,1
Panasonic,2.0,32.0,2910.0,13.0,270.0,1
Panasonic,1.0,8.0,2500.0,8.0,140.0,1
Panasonic,1.0,8.0,2000.0,8.0,120.0,1
Panasonic,1.0,8.0,1800.0,5.0,100.0,1
Panasonic,2.0,16.0,3500.0,13.0,160.0,1
Panasonic,1.0,8.0,2000.0,8.0,190.0,1
Panasonic,1.0,8.0,1980.0,8.0,130.0,1
Panasonic,2.0,16.0,2500.0,13.0,220.0,1
Panasonic,1.0,8.0,2100.0,8.0,150.0,1
Panasonic,1.0,16.0,2800.0,8.0,190.0,1
Panasonic,1.0,8.0,1500.0,5.0,90.0,1
Panasonic,1.0,4.0,2500.0,8.0,120.0,1
Panasonic,1.0,8.0,2000.0,8.0,140.0,1
Panasonic,2.0,16.0,2600.0,1.0,830.0,1
Panasonic,1.0,4.0,2000.0,8.0,120.0,1
Panasonic,2.0,16.0,2500.0,13.0,240.0,1
Panasonic,1.0,8.0,2500.0,13.0,220.0,1
Panasonic,1.0,4.0,1700.0,8.0,170.0,1
Panasonic,1.0,4.0,2000.0,8.0,200.0,1
Panasonic,1.0,4.0,1500.0,5.0,120.0,1
Panasonic,1.0,4.0,2500.0,8.0,440.0,1
Panasonic,1.0,8.0,2000.0,8.0,170.0,1
Panasonic,1.0,8.0,1800.0,8.0,500.0,1
Panasonic,1.0,8.0,1150.0,8.0,360.0,1
Panasonic,1.0,16.0,4590.0,5.0,900.0,1
Pantech,1.0,16.0,2100.0,6.0,370.0,1
Pantech,2.0,16.0,2600.0,13.0,550.0,1
Pantech,1.0,8.0,1830.0,8.0,230.0,1
Pantech,1.0,16.0,2020.0,8.0,340.0,1
Pantech,1.0,16.0,1830.0,8.0,230.0,1
Pantech,1.0,16.0,1650.0,5.0,270.0,1
Pantech,1.0,16.0,6400.0,5.0,220.0,1
Philips,2.0,16.0,3300.0,13.0,340.0,1
Philips,1.0,4.0,2400.0,8.0,220.0,1
Prestigio,1.0,8.0,2000.0,8.0,170.0,1
Prestigio,1.0,16.0,7000.0,2.0,220.0,1
Prestigio,1.0,16.0,4600.0,5.0,190.0,1
Prestigio,1.0,4.0,2600.0,13.0,270.0,1
Prestigio,1.0,16.0,2300.0,13.0,280.0,1
Prestigio,1.0,4.0,2000.0,8.0,210.0,1
Prestigio,1.0,4.0,2100.0,8.0,180.0,1
Prestigio,1.0,4.0,2000.0,8.0,200.0,1
Prestigio,1.0,4.0,1850.0,8.0,120.0,1
Prestigio,1.0,8.0,7000.0,2.0,220.0,1
Prestigio,1.0,8.0,4700.0,2.0,140.0,1
Prestigio,1.0,16.0,6000.0,5.0,240.0,1
Prestigio,1.0,16.0,5300.0,5.0,200.0,1
Prestigio,1.0,16.0,6400.0,2.0,230.0,1
Prestigio,1.0,16.0,6400.0,2.0,190.0,1
Prestigio,1.0,8.0,4000.0,2.0,130.0,1
Prestigio,1.0,16.0,3200.0,2.0,110.0,1
QMobile,3.0,64.0,3500.0,24.0,400.0,2
QMobile,1.0,8.0,2300.0,8.0,130.0,1
QMobile,2.0,16.0,2000.0,8.0,230.0,1
QMobile,1.0,8.0,1700.0,5.0,100.0,1
QMobile,1.0,8.0,2000.0,5.0,100.0,1
QMobile,2.0,16.0,2500.0,13.0,200.0,1
QMobile,1.0,8.0,4700.0,5.0,120.0,1
QMobile,1.0,8.0,2120.0,8.0,100.0,1
QMobile,1.0,8.0,1950.0,5.0,160.0,1
QMobile,2.0,16.0,2820.0,13.0,180.0,1
QMobile,1.0,8.0,1800.0,5.0,110.0,1
QMobile,1.0,8.0,2000.0,8.0,160.0,1
QMobile,1.0,8.0,5000.0,8.0,160.0,1
QMobile,2.0,16.0,2400.0,13.0,170.0,1
QMobile,1.0,16.0,2000.0,13.0,220.0,1
QMobile,1.0,8.0,1500.0,5.0,90.0,1
QMobile,1.0,16.0,2050.0,8.0,210.0,1
QMobile,1.0,8.0,2000.0,8.0,120.0,1
QMobile,1.0,4.0,2000.0,8.0,150.0,1
QMobile,1.0,8.0,1800.0,5.0,120.0,1
QMobile,2.0,16.0,1800.0,8.0,150.0,1
QMobile,1.0,8.0,1920.0,8.0,150.0,1
QMobile,2.0,16.0,2100.0,13.0,160.0,1
QMobile,1.0,8.0,1800.0,5.0,80.0,1
QMobile,1.0,8.0,1800.0,8.0,120.0,1
QMobile,1.0,8.0,1800.0,8.0,110.0,1
QMobile,1.0,8.0,1700.0,5.0,100.0,1
QMobile,1.0,8.0,1800.0,8.0,90.0,1
QMobile,1.0,8.0,1700.0,8.0,100.0,1
QMobile,1.0,8.0,1700.0,5.0,120.0,1
QMobile,1.0,8.0,4200.0,8.0,120.0,1
QMobile,2.0,16.0,2000.0,8.0,110.0,1
QMobile,1.0,8.0,1700.0,8.0,120.0,1
QMobile,2.0,16.0,2500.0,16.0,310.0,1
QMobile,2.0,16.0,2000.0,13.0,160.0,1
QMobile,2.0,16.0,2300.0,13.0,200.0,1
QMobile,1.0,16.0,4500.0,5.0,160.0,1
QMobile,1.0,4.0,2000.0,8.0,130.0,1
QMobile,1.0,8.0,1800.0,5.0,120.0,1
QMobile,1.0,4.0,1700.0,5.0,80.0,1
QMobile,1.0,4.0,1700.0,8.0,140.0,1
QMobile,1.0,16.0,2600.0,12.0,180.0,1
QMobile,2.0,32.0,2000.0,13.0,200.0,1
QMobile,1.0,16.0,2000.0,8.0,210.0,1
QMobile,1.0,4.0,2100.0,8.0,120.0,1
Samsung,4.0,32.0,3300.0,13.0,250.0,1
Samsung,3.0,64.0,3600.0,13.0,300.0,2
Samsung,3.0,16.0,3600.0,13.0,340.0,1
Samsung,2.0,16.0,3000.0,13.0,280.0,1
Samsung,2.0,16.0,2400.0,13.0,220.0,1
Samsung,4.0,64.0,3000.0,12.0,700.0,2
Samsung,4.0,64.0,3500.0,12.0,900.0,2
Samsung,2.0,16.0,2800.0,13.0,240.0,1
Samsung,4.0,32.0,6000.0,13.0,750.0,1
Samsung,1.0,8.0,1500.0,5.0,110.0,1
Samsung,5.0,16.0,2600.0,5.0,260.0,1
Samsung,4.0,64.0,3300.0,16.0,420.0,2
Samsung,3.0,32.0,3600.0,16.0,530.0,1
Samsung,3.0,32.0,3000.0,16.0,430.0,1
Samsung,2.0,16.0,2350.0,13.0,330.0,1
Samsung,5.0,8.0,2600.0,8.0,140.0,1
Samsung,5.0,8.0,2600.0,8.0,130.0,1
Samsung,6.0,64.0,4000.0,16.0,620.0,2
Samsung,3.0,32.0,3300.0,16.0,560.0,1
Samsung,3.0,16.0,3300.0,13.0,300.0,1
Samsung,3.0,32.0,3300.0,13.0,260.0,1
Samsung,2.0,32.0,2400.0,13.0,230.0,1
Samsung,3.0,32.0,3300.0,13.0,280.0,1
Samsung,1.0,8.0,1500.0,5.0,80.0,1
Samsung,4.0,64.0,3500.0,12.0,760.0,2
Samsung,4.0,64.0,3500.0,12.0,850.0,2
Samsung,2.0,16.0,3000.0,13.0,180.0,1
Samsung,2.0,16.0,2600.0,8.0,150.0,1
Samsung,5.0,8.0,4000.0,8.0,220.0,1
Samsung,2.0,16.0,2600.0,8.0,160.0,1
Samsung,5.0,8.0,2600.0,8.0,150.0,1
Samsung,1.0,8.0,2600.0,8.0,270.0,1
Samsung,4.0,32.0,4000.0,12.0,710.0,1
Samsung,2.0,16.0,2600.0,8.0,150.0,1
Samsung,4.0,64.0,3300.0,16.0,450.0,2
Samsung,4.0,64.0,2600.0,16.0,360.0,2
Samsung,4.0,32.0,5000.0,16.0,500.0,1
Samsung,2.0,16.0,3300.0,13.0,230.0,1
Samsung,2.0,16.0,3100.0,13.0,190.0,1
Samsung,5.0,8.0,4000.0,5.0,130.0,1
Samsung,4.0,64.0,3000.0,12.0,500.0,2
Samsung,4.0,128.0,3600.0,12.0,570.0,3
Samsung,4.0,32.0,3600.0,12.0,550.0,1
Samsung,4.0,32.0,3000.0,12.0,460.0,1
Samsung,1.0,8.0,1500.0,5.0,90.0,1
Samsung,5.0,16.0,5000.0,5.0,180.0,1
Samsung,1.0,8.0,2050.0,5.0,130.0,1
Samsung,3.0,32.0,4000.0,13.0,460.0,1
Samsung,3.0,16.0,3300.0,13.0,380.0,1
Samsung,2.0,16.0,2900.0,13.0,270.0,1
Samsung,5.0,16.0,2300.0,13.0,200.0,1
Samsung,2.0,16.0,2600.0,8.0,140.0,1
Samsung,2.0,64.0,5700.0,1.0,640.0,2
Samsung,5.0,8.0,3000.0,13.0,180.0,1
Samsung,5.0,8.0,2600.0,8.0,140.0,1
Samsung,1.0,8.0,2600.0,8.0,110.0,1
Samsung,4.0,64.0,3000.0,16.0,540.0,2
Samsung,4.0,128.0,3000.0,16.0,590.0,3
Samsung,4.0,64.0,3000.0,16.0,600.0,2
Samsung,4.0,64.0,3000.0,16.0,550.0,2
Samsung,4.0,64.0,3000.0,16.0,530.0,2
Samsung,4.0,64.0,3000.0,16.0,530.0,2
Samsung,2.0,16.0,2800.0,16.0,350.0,1
Samsung,5.0,8.0,1900.0,8.0,190.0,1
Samsung,5.0,8.0,1800.0,8.0,260.0,1
Samsung,3.0,64.0,5870.0,8.0,520.0,2
Samsung,3.0,64.0,4000.0,8.0,440.0,2
Samsung,2.0,32.0,3050.0,16.0,380.0,1
Samsung,2.0,32.0,3050.0,16.0,350.0,1
Samsung,5.0,16.0,3000.0,13.0,250.0,1
Samsung,5.0,16.0,2600.0,13.0,160.0,1
Samsung,5.0,16.0,6800.0,15.0,280.0,1
Samsung,5.0,16.0,5000.0,5.0,200.0,1
Samsung,3.0,64.0,3500.0,16.0,380.0,2
Samsung,1.0,8.0,3600.0,2.0,130.0,1
Samsung,2.0,16.0,6000.0,5.0,340.0,1
Samsung,5.0,16.0,4200.0,5.0,210.0,1
Samsung,5.0,8.0,2200.0,5.0,220.0,1
Samsung,3.0,128.0,2600.0,16.0,600.0,3
Samsung,3.0,128.0,2550.0,16.0,410.0,3
Samsung,3.0,128.0,2600.0,16.0,420.0,3
Samsung,3.0,128.0,2550.0,16.0,400.0,3
Samsung,3.0,128.0,2550.0,16.0,400.0,3
Samsung,1.0,8.0,2000.0,5.0,150.0,1
Samsung,1.0,8.0,3600.0,2.0,120.0,1
Samsung,2.0,16.0,2600.0,13.0,300.0,1
Samsung,2.0,16.0,2600.0,13.0,300.0,1
Samsung,5.0,16.0,2500.0,13.0,260.0,1
Samsung,2.0,16.0,2950.0,13.0,230.0,1
Samsung,5.0,16.0,2400.0,8.0,200.0,1
Samsung,1.0,8.0,2000.0,5.0,150.0,1
Samsung,2.0,16.0,2300.0,13.0,290.0,1
Samsung,2.0,16.0,2300.0,13.0,260.0,1
Samsung,1.0,16.0,1900.0,8.0,230.0,1
Samsung,5.0,16.0,1900.0,8.0,190.0,1
Samsung,2.0,32.0,2800.0,16.0,380.0,1
Samsung,1.0,8.0,2600.0,8.0,150.0,1
Samsung,1.0,8.0,2600.0,8.0,140.0,1
Samsung,1.0,8.0,1900.0,5.0,200.0,1
Samsung,3.0,64.0,3000.0,16.0,400.0,2
Samsung,3.0,16.0,3000.0,16.0,500.0,1
Samsung,3.0,32.0,3220.0,16.0,550.0,1
Samsung,3.0,32.0,3220.0,16.0,440.0,1
Samsung,5.0,16.0,4450.0,15.0,600.0,1
Samsung,5.0,16.0,4450.0,15.0,500.0,1
Samsung,5.0,16.0,2800.0,8.0,340.0,1
Samsung,2.0,32.0,2800.0,16.0,390.0,1
Samsung,2.0,32.0,1860.0,12.0,450.0,1
Samsung,2.0,32.0,1860.0,12.0,390.0,1
Samsung,5.0,16.0,2100.0,8.0,250.0,1
Samsung,5.0,16.0,2100.0,5.0,160.0,1
Samsung,5.0,16.0,2100.0,8.0,220.0,1
Samsung,1.0,4.0,1800.0,5.0,250.0,1
Samsung,2.0,16.0,2800.0,16.0,500.0,1
Samsung,3.0,32.0,2800.0,16.0,550.0,1
Samsung,3.0,32.0,4900.0,8.0,370.0,1
Samsung,3.0,32.0,4900.0,8.0,300.0,1
Samsung,1.0,8.0,2000.0,5.0,210.0,1
Samsung,5.0,16.0,2100.0,8.0,270.0,1
Samsung,5.0,16.0,3200.0,8.0,360.0,1
Samsung,2.0,16.0,2800.0,16.0,530.0,1
Samsung,2.0,8.0,2430.0,7.0,440.0,1
Samsung,5.0,16.0,2100.0,8.0,300.0,1
Samsung,2.0,16.0,2600.0,13.0,440.0,1
Samsung,5.0,16.0,4000.0,15.0,190.0,1
Samsung,5.0,16.0,4000.0,15.0,240.0,1
Samsung,5.0,16.0,4000.0,15.0,280.0,1
Samsung,5.0,16.0,4450.0,15.0,270.0,1
Samsung,5.0,16.0,4450.0,15.0,300.0,1
Samsung,5.0,16.0,4450.0,15.0,350.0,1
Samsung,5.0,16.0,6800.0,15.0,270.0,1
Samsung,5.0,16.0,6800.0,15.0,300.0,1
Samsung,5.0,16.0,6800.0,15.0,310.0,1
Samsung,1.0,8.0,2100.0,5.0,200.0,1
Samsung,1.0,16.0,1500.0,5.0,180.0,1
Samsung,2.0,16.0,2800.0,16.0,420.0,1
Samsung,2.0,32.0,2800.0,16.0,380.0,1
Samsung,2.0,16.0,2800.0,16.0,480.0,1
Samsung,2.0,32.0,2800.0,16.0,360.0,1
Samsung,5.0,16.0,2100.0,5.0,180.0,1
Samsung,1.0,8.0,2100.0,5.0,260.0,1
Samsung,2.0,16.0,3100.0,8.0,410.0,1
Samsung,2.0,16.0,3100.0,8.0,320.0,1
Samsung,1.0,8.0,3600.0,2.0,190.0,1
Samsung,1.0,8.0,3600.0,2.0,150.0,1
Samsung,1.0,16.0,2100.0,5.0,130.0,1
Samsung,2.0,32.0,4800.0,8.0,420.0,1
Samsung,2.0,32.0,4800.0,8.0,290.0,1
Samsung,2.0,8.0,2000.0,3.0,330.0,1
Samsung,1.0,8.0,2000.0,5.0,190.0,1
Samsung,2.0,32.0,2600.0,13.0,410.0,1
Samsung,3.0,16.0,2600.0,13.0,450.0,1
Samsung,5.0,8.0,2100.0,5.0,170.0,1
Samsung,5.0,8.0,2600.0,8.0,180.0,1
Samsung,5.0,16.0,1820.0,8.0,590.0,1
Samsung,5.0,8.0,2100.0,5.0,210.0,1
Samsung,2.0,32.0,2600.0,13.0,390.0,1
Samsung,1.0,8.0,1800.0,5.0,180.0,1
Samsung,3.0,32.0,2800.0,13.0,680.0,1
Samsung,3.0,64.0,3200.0,13.0,420.0,2
Samsung,1.0,16.0,2000.0,8.0,310.0,1
Samsung,5.0,8.0,2330.0,16.0,280.0,1
Samsung,5.0,8.0,1900.0,8.0,230.0,1
Samsung,2.0,16.0,2600.0,8.0,310.0,1
Samsung,5.0,32.0,4450.0,5.0,270.0,1
Samsung,1.0,32.0,6800.0,15.0,290.0,1
Samsung,1.0,32.0,6800.0,15.0,330.0,1
Samsung,1.0,32.0,6800.0,15.0,260.0,1
Samsung,1.0,4.0,1500.0,5.0,90.0,1
Samsung,1.0,8.0,1800.0,5.0,160.0,1
Samsung,1.0,16.0,4000.0,15.0,140.0,1
Samsung,1.0,16.0,4000.0,15.0,150.0,1
Samsung,5.0,16.0,3200.0,8.0,300.0,1
Samsung,5.0,8.0,2600.0,8.0,280.0,1
Samsung,1.0,8.0,2000.0,5.0,170.0,1
Samsung,2.0,64.0,2600.0,13.0,330.0,2
Samsung,2.0,64.0,2600.0,13.0,320.0,2
Samsung,2.0,64.0,2600.0,13.0,460.0,2
Samsung,2.0,16.0,2600.0,13.0,440.0,1
Samsung,2.0,32.0,4600.0,5.0,320.0,1
Samsung,2.0,32.0,4600.0,5.0,280.0,1
Samsung,1.0,8.0,2000.0,5.0,180.0,1
Samsung,1.0,4.0,1700.0,5.0,190.0,1
Samsung,1.0,8.0,1650.0,8.0,210.0,1
Samsung,1.0,8.0,2100.0,5.0,200.0,1
Samsung,1.0,8.0,2100.0,8.0,180.0,1
Samsung,1.0,8.0,2100.0,8.0,210.0,1
Samsung,2.0,64.0,7000.0,5.0,390.0,2
Samsung,1.0,4.0,2100.0,5.0,150.0,1
Samsung,1.0,8.0,1800.0,5.0,170.0,1
Samsung,1.0,16.0,2100.0,8.0,110.0,1
Samsung,1.0,16.0,2100.0,8.0,260.0,1
Samsung,1.0,16.0,1500.0,5.0,130.0,1
Samsung,1.0,8.0,1850.0,5.0,150.0,1
Samsung,1.0,8.0,2000.0,5.0,160.0,1
Samsung,2.0,16.0,2100.0,8.0,320.0,1
Samsung,1.0,4.0,2100.0,5.0,150.0,1
Samsung,1.0,8.0,1800.0,5.0,150.0,1
Samsung,2.0,64.0,3100.0,8.0,300.0,2
Samsung,2.0,16.0,3100.0,8.0,350.0,1
Samsung,1.0,32.0,2300.0,8.0,220.0,1
Samsung,1.0,4.0,1650.0,3.0,250.0,1
Samsung,1.0,4.0,2100.0,15.0,150.0,1
Samsung,1.0,8.0,4000.0,15.0,200.0,1
Samsung,2.0,64.0,7000.0,5.0,320.0,2
Samsung,2.0,64.0,7000.0,5.0,350.0,2
Samsung,1.0,32.0,6100.0,15.0,220.0,1
Samsung,2.0,32.0,2100.0,8.0,310.0,1
Samsung,2.0,16.0,2100.0,8.0,300.0,1
Samsung,2.0,32.0,2100.0,8.0,280.0,1
Samsung,1.0,64.0,2100.0,8.0,190.0,2
Samsung,1.0,32.0,7000.0,15.0,290.0,1
Samsung,1.0,32.0,7000.0,15.0,290.0,1
Samsung,1.0,32.0,4000.0,15.0,150.0,1
Samsung,1.0,32.0,4000.0,15.0,150.0,1
Samsung,1.0,3.0,1750.0,5.0,140.0,1
Samsung,1.0,32.0,5100.0,15.0,280.0,1
Samsung,1.0,32.0,1850.0,5.0,270.0,1
Samsung,1.0,4.0,1750.0,5.0,240.0,1
Samsung,1.0,16.0,2500.0,8.0,350.0,1
Samsung,1.0,16.0,2500.0,8.0,350.0,1
Samsung,1.0,16.0,1800.0,8.0,190.0,1
Samsung,1.0,16.0,1850.0,8.0,180.0,1
Samsung,1.0,32.0,1850.0,5.0,150.0,1
Samsung,1.0,16.0,1750.0,5.0,180.0,1
Samsung,1.0,16.0,1650.0,8.0,220.0,1
Samsung,1.0,8.0,1650.0,8.0,110.0,1
Samsung,1.0,32.0,4000.0,15.0,260.0,1
Samsung,1.0,32.0,4000.0,15.0,260.0,1
Samsung,1.0,16.0,1850.0,8.0,180.0,1
Samsung,1.0,64.0,5100.0,15.0,280.0,2
Samsung,1.0,64.0,5100.0,15.0,280.0,2
Samsung,1.0,32.0,2500.0,8.0,270.0,1
Samsung,1.0,32.0,1650.0,8.0,170.0,1
Samsung,1.0,32.0,1850.0,8.0,160.0,1
Samsung,1.0,16.0,1800.0,8.0,130.0,1
Samsung,1.0,16.0,1850.0,8.0,160.0,1
Samsung,1.0,16.0,1850.0,8.0,200.0,1
Samsung,1.0,32.0,6100.0,15.0,330.0,1
Samsung,1.0,16.0,1700.0,8.0,260.0,1
Samsung,1.0,8.0,1650.0,5.0,200.0,1
Samsung,1.0,64.0,7000.0,15.0,370.0,2
Samsung,1.0,32.0,6800.0,15.0,290.0,1
Samsung,1.0,64.0,7000.0,15.0,310.0,2
Samsung,1.0,64.0,6000.0,15.0,290.0,2
Samsung,1.0,64.0,6000.0,15.0,350.0,2
Samsung,1.0,32.0,1650.0,8.0,170.0,1
Sharp,4.0,32.0,3000.0,16.0,330.0,1
Sharp,3.0,64.0,2600.0,13.0,240.0,2
Sharp,3.0,32.0,3000.0,13.0,340.0,1
Sharp,5.0,8.0,2040.0,8.0,180.0,1
Sonim,1.0,16.0,4800.0,8.0,700.0,1
Sonim,1.0,8.0,4800.0,5.0,490.0,1
Sony,2.0,16.0,2620.0,13.0,200.0,1
Sony,4.0,32.0,2900.0,19.0,660.0,1
Sony,4.0,64.0,3230.0,19.0,750.0,2
Sony,4.0,32.0,2700.0,23.0,380.0,1
Sony,3.0,32.0,2300.0,23.0,280.0,1
Sony,3.0,32.0,2700.0,23.0,370.0,1
Sony,3.0,32.0,2900.0,23.0,610.0,1
Sony,5.0,16.0,2300.0,13.0,150.0,1
Sony,3.0,16.0,2700.0,5.0,380.0,1
Sony,3.0,32.0,2700.0,23.0,420.0,1
Sony,3.0,32.0,2620.0,23.0,350.0,1
Sony,2.0,16.0,2300.0,13.0,250.0,1
Sony,2.0,16.0,2300.0,13.0,200.0,1
Sony,3.0,32.0,3430.0,23.0,510.0,1
Sony,3.0,32.0,3430.0,23.0,500.0,1
Sony,3.0,32.0,2900.0,23.0,450.0,1
Sony,3.0,32.0,2900.0,23.0,420.0,1
Sony,2.0,32.0,2700.0,23.0,410.0,1
Sony,3.0,16.0,2600.0,2.0,300.0,1
Sony,3.0,16.0,2600.0,2.0,240.0,1
Sony,2.0,16.0,2930.0,13.0,350.0,1
Sony,2.0,16.0,2930.0,13.0,310.0,1
Sony,3.0,32.0,2930.0,7.0,420.0,1
Sony,3.0,32.0,2930.0,7.0,340.0,1
Sony,2.0,16.0,2600.0,13.0,270.0,1
Sony,2.0,16.0,2600.0,13.0,220.0,1
Sony,2.0,8.0,2400.0,13.0,220.0,1
Sony,2.0,8.0,2400.0,13.0,200.0,1
Sony,3.0,32.0,6000.0,1.0,400.0,1
Sony,3.0,32.0,6000.0,1.0,500.0,1
Sony,1.0,8.0,2300.0,5.0,130.0,1
Sony,1.0,8.0,2300.0,5.0,150.0,1
Sony,1.0,8.0,2300.0,5.0,120.0,1
Sony,1.0,8.0,2300.0,5.0,120.0,1
Sony,1.0,4.0,2330.0,5.0,190.0,1
Sony,1.0,4.0,2330.0,5.0,170.0,1
Sony,3.0,16.0,4500.0,1.0,380.0,1
Sony,3.0,32.0,3100.0,7.0,400.0,1
Sony,3.0,32.0,3200.0,7.0,370.0,1
Sony,3.0,32.0,3100.0,7.0,300.0,1
Sony,2.0,16.0,2600.0,7.0,300.0,1
Sony,1.0,8.0,2300.0,8.0,200.0,1
Sony,1.0,8.0,2500.0,8.0,250.0,1
Sony,1.0,8.0,2500.0,8.0,190.0,1
Sony,3.0,16.0,3000.0,7.0,250.0,1
Sony,1.0,8.0,2500.0,8.0,200.0,1
Sony,1.0,8.0,2300.0,8.0,170.0,1
Sony,1.0,8.0,2300.0,8.0,180.0,1
Sony,3.0,16.0,6000.0,1.0,350.0,1
Sony,3.0,32.0,6000.0,1.0,380.0,1
Sony,3.0,16.0,3200.0,7.0,260.0,1
Sony,1.0,8.0,3000.0,13.0,280.0,1
Sony,1.0,8.0,3000.0,13.0,230.0,1
Sony,2.0,32.0,3000.0,7.0,260.0,1
Sony,2.0,16.0,2300.0,7.0,320.0,1
Sony,2.0,16.0,3000.0,7.0,330.0,1
Sony,2.0,16.0,3050.0,8.0,280.0,1
Sony,1.0,4.0,2390.0,8.0,220.0,1
Sony,1.0,4.0,1750.0,5.0,130.0,1
Sony,2.0,8.0,2300.0,1.0,230.0,1
Sony,1.0,8.0,1750.0,8.0,130.0,1
Sony,1.0,8.0,2370.0,8.0,180.0,1
Sony,2.0,16.0,6000.0,1.0,350.0,1
Sony,2.0,32.0,6000.0,1.0,300.0,1
Sony,2.0,16.0,2330.0,1.0,270.0,1
Sony,2.0,16.0,2370.0,13.0,260.0,1
Sony,1.0,16.0,1850.0,13.0,350.0,1
Sony,1.0,64.0,6000.0,8.0,260.0,2
Sony,1.0,64.0,6000.0,8.0,190.0,2
Sony,1.0,8.0,1750.0,13.0,230.0,1
Sony,1.0,16.0,1750.0,13.0,330.0,1
Sony,1.0,16.0,1850.0,13.0,230.0,1
Sony,1.0,32.0,1750.0,12.0,240.0,1
Sony,1.0,16.0,1910.0,12.0,230.0,1
Sony,1.0,4.0,1500.0,8.0,220.0,1
Sony,1.0,16.0,1700.0,13.0,290.0,1
Sony,1.0,11.0,1910.0,12.0,290.0,1
Sony,1.0,11.0,1900.0,12.0,280.0,1
Sony,1.0,16.0,1305.0,8.0,210.0,1
Sony,1.0,32.0,1750.0,12.0,230.0,1
Sony,1.0,2.0,1900.0,12.0,250.0,1
Sony,1.0,16.0,1900.0,12.0,210.0,1
Sony,1.0,4.0,3080.0,5.0,210.0,1
Sony,1.0,4.0,3080.0,5.0,180.0,1
Spice,1.0,4.0,1700.0,5.0,90.0,1
Spice,1.0,4.0,1700.0,5.0,110.0,1
Spice,1.0,8.0,2100.0,8.0,160.0,1
Spice,1.0,4.0,2000.0,5.0,130.0,1
Spice,1.0,16.0,2550.0,8.0,210.0,1
Spice,1.0,16.0,2550.0,8.0,190.0,1
T-Mobile,1.0,4.0,1500.0,5.0,290.0,1
T-Mobile,1.0,4.0,1500.0,5.0,290.0,1
verykool,1.0,16.0,2200.0,13.0,160.0,1
verykool,1.0,16.0,2500.0,13.0,190.0,1
verykool,1.0,8.0,2600.0,8.0,140.0,1
verykool,1.0,8.0,1850.0,8.0,110.0,1
verykool,1.0,8.0,2600.0,8.0,140.0,1
verykool,1.0,8.0,1700.0,8.0,160.0,1
verykool,1.0,8.0,1900.0,8.0,130.0,1
verykool,1.0,8.0,2100.0,8.0,180.0,1
verykool,1.0,4.0,2000.0,8.0,180.0,1
vivo,4.0,64.0,3000.0,13.0,280.0,2
vivo,1.0,16.0,1900.0,5.0,120.0,1
vivo,3.0,16.0,2730.0,13.0,200.0,1
vivo,4.0,64.0,3160.0,16.0,450.0,2
vivo,4.0,32.0,3000.0,13.0,270.0,1
vivo,6.0,128.0,4080.0,12.0,700.0,3
vivo,6.0,64.0,4000.0,16.0,580.0,2
vivo,4.0,128.0,3050.0,16.0,460.0,3
vivo,4.0,32.0,3000.0,13.0,250.0,1
vivo,4.0,64.0,4000.0,16.0,680.0,2
vivo,4.0,64.0,3000.0,13.0,640.0,2
vivo,4.0,32.0,3000.0,13.0,300.0,1
vivo,3.0,32.0,2550.0,13.0,260.0,1
vivo,4.0,64.0,3000.0,16.0,410.0,2
vivo,4.0,64.0,2400.0,13.0,350.0,2
vivo,6.0,128.0,3600.0,16.0,610.0,3
vivo,4.0,128.0,3600.0,16.0,520.0,3
vivo,2.0,16.0,2350.0,8.0,130.0,1
vivo,1.0,8.0,2100.0,8.0,130.0,1
vivo,3.0,32.0,4150.0,13.0,440.0,1
vivo,2.0,16.0,2300.0,13.0,430.0,1
vivo,2.0,16.0,2300.0,13.0,470.0,1
vivo,1.0,8.0,2100.0,8.0,100.0,1
Vodafone,5.0,16.0,2400.0,13.0,100.0,1
Vodafone,2.0,16.0,5830.0,5.0,190.0,1
Vodafone,1.0,8.0,2000.0,5.0,60.0,1
Vodafone,3.0,32.0,3000.0,16.0,380.0,1
Vodafone,2.0,16.0,2960.0,13.0,160.0,1
Vodafone,1.0,8.0,2540.0,8.0,100.0,1
Vodafone,1.0,8.0,1780.0,5.0,70.0,1
Vodafone,2.0,16.0,3000.0,13.0,170.0,1
Vodafone,1.0,16.0,4600.0,5.0,210.0,1
Vodafone,1.0,4.0,1880.0,5.0,100.0,1
Vodafone,1.0,4.0,3000.0,5.0,150.0,1
Vodafone,1.0,16.0,6340.0,5.0,270.0,1
Vodafone,1.0,4.0,3550.0,2.0,180.0,1
Wiko,1.0,4.0,2000.0,5.0,130.0,1
Wiko,1.0,8.0,2500.0,8.0,160.0,1
Wiko,2.0,16.0,2350.0,16.0,300.0,1
Wiko,1.0,8.0,2000.0,8.0,200.0,1
Wiko,1.0,4.0,2000.0,8.0,200.0,1
Wiko,2.0,32.0,2350.0,16.0,350.0,1
Xiaomi,4.0,128.0,5300.0,12.0,280.0,3
Xiaomi,2.0,16.0,4100.0,13.0,110.0,1
Xiaomi,6.0,128.0,3350.0,12.0,400.0,3
Xiaomi,4.0,64.0,6600.0,13.0,290.0,2
Xiaomi,3.0,64.0,2860.0,12.0,300.0,2
Xiaomi,4.0,32.0,4100.0,13.0,180.0,1
Xiaomi,3.0,32.0,4100.0,13.0,160.0,1
Xiaomi,2.0,32.0,3120.0,13.0,110.0,1
Xiaomi,2.0,16.0,4100.0,13.0,130.0,1
Xiaomi,3.0,32.0,4100.0,13.0,160.0,1
Xiaomi,4.0,128.0,4400.0,16.0,770.0,3
Xiaomi,4.0,64.0,4070.0,5.0,610.0,2
Xiaomi,4.0,64.0,3800.0,13.0,370.0,2
Xiaomi,3.0,64.0,3200.0,12.0,310.0,2
Xiaomi,2.0,16.0,4100.0,13.0,170.0,1
Xiaomi,4.0,128.0,4050.0,13.0,210.0,3
Xiaomi,2.0,32.0,4100.0,13.0,170.0,1
Xiaomi,3.0,32.0,4100.0,13.0,150.0,1
Xiaomi,2.0,16.0,4100.0,13.0,120.0,1
Xiaomi,3.0,32.0,4100.0,13.0,250.0,1
Xiaomi,4.0,128.0,3000.0,16.0,240.0,3
Xiaomi,3.0,64.0,4850.0,16.0,170.0,2
Xiaomi,3.0,64.0,3260.0,13.0,220.0,2
Xiaomi,2.0,16.0,4050.0,16.0,160.0,1
Xiaomi,2.0,16.0,4100.0,13.0,160.0,1
Xiaomi,2.0,16.0,3100.0,13.0,140.0,1
Xiaomi,2.0,64.0,6190.0,8.0,180.0,2
Xiaomi,2.0,16.0,4000.0,13.0,180.0,1
Xiaomi,2.0,16.0,3080.0,13.0,210.0,1
Xiaomi,2.0,16.0,3060.0,13.0,160.0,1
Xiaomi,2.0,16.0,2200.0,8.0,120.0,1
Xiaomi,2.0,32.0,3120.0,13.0,260.0,1
Xiaomi,4.0,64.0,3000.0,13.0,250.0,2
Xiaomi,3.0,64.0,3000.0,13.0,190.0,2
Xiaomi,1.0,8.0,2200.0,8.0,130.0,1
Xiaomi,1.0,8.0,2200.0,8.0,130.0,1
Xiaomi,3.0,16.0,3080.0,13.0,230.0,1
Xiaomi,2.0,8.0,3100.0,13.0,160.0,1
Xiaomi,3.0,64.0,3080.0,13.0,230.0,2
Xiaomi,2.0,64.0,6700.0,8.0,240.0,2
Xiaomi,2.0,8.0,3100.0,13.0,120.0,1
Xiaomi,2.0,64.0,3050.0,13.0,200.0,2
Xiaomi,1.0,8.0,2000.0,8.0,90.0,1
Xiaomi,1.0,4.0,2000.0,8.0,100.0,1
Xiaomi,2.0,32.0,2000.0,8.0,250.0,1
Xiaomi,2.0,32.0,2000.0,8.0,250.0,1
Xiaomi,1.0,4.0,1930.0,8.0,190.0,1
XOLO,3.0,32.0,2400.0,13.0,140.0,1
XOLO,2.0,16.0,3200.0,13.0,180.0,1
XOLO,1.0,8.0,2100.0,8.0,60.0,1
XOLO,1.0,8.0,1800.0,5.0,80.0,1
XOLO,1.0,8.0,2200.0,8.0,120.0,1
XOLO,1.0,8.0,2500.0,8.0,120.0,1
XOLO,1.0,8.0,2600.0,13.0,130.0,1
XOLO,1.0,8.0,2100.0,8.0,110.0,1
XOLO,1.0,8.0,2500.0,8.0,120.0,1
XOLO,1.0,8.0,2100.0,13.0,150.0,1
XOLO,1.0,8.0,1700.0,5.0,80.0,1
XOLO,1.0,8.0,2500.0,8.0,120.0,1
XOLO,2.0,16.0,2100.0,13.0,190.0,1
XOLO,2.0,32.0,2300.0,13.0,270.0,1
XOLO,2.0,16.0,1920.0,8.0,170.0,1
XOLO,1.0,8.0,1800.0,8.0,120.0,1
XOLO,1.0,8.0,2250.0,8.0,160.0,1
XOLO,1.0,4.0,1400.0,5.0,100.0,1
XOLO,1.0,4.0,3000.0,8.0,170.0,1
XOLO,1.0,4.0,2250.0,8.0,140.0,1
XOLO,1.0,8.0,2000.0,8.0,140.0,1
XOLO,1.0,4.0,1800.0,8.0,120.0,1
XOLO,2.0,16.0,4000.0,13.0,250.0,1
XOLO,1.0,4.0,2000.0,5.0,100.0,1
XOLO,1.0,8.0,1810.0,8.0,190.0,1
XOLO,1.0,16.0,4100.0,5.0,190.0,1
XOLO,1.0,4.0,1450.0,5.0,90.0,1
XOLO,1.0,4.0,2100.0,8.0,100.0,1
XOLO,1.0,8.0,2600.0,13.0,160.0,1
XOLO,1.0,4.0,1800.0,8.0,120.0,1
XOLO,1.0,4.0,2400.0,8.0,120.0,1
XOLO,1.0,8.0,4000.0,2.0,110.0,1
XOLO,1.0,4.0,4000.0,2.0,120.0,1
XOLO,1.0,16.0,2500.0,13.0,170.0,1
XOLO,1.0,4.0,2000.0,8.0,170.0,1
XOLO,1.0,8.0,1900.0,8.0,170.0,1
XOLO,1.0,4.0,2000.0,5.0,140.0,1
XOLO,1.0,4.0,2100.0,8.0,150.0,1
XOLO,1.0,4.0,2100.0,8.0,130.0,1
XOLO,1.0,4.0,2400.0,5.0,100.0,1
Yota,2.0,32.0,2500.0,8.0,150.0,1
Yota,2.0,32.0,1800.0,13.0,420.0,1
YU,2.0,8.0,2000.0,8.0,80.0,1
YU,3.0,16.0,3000.0,13.0,170.0,1
YU,4.0,32.0,4000.0,13.0,180.0,1
YU,3.0,16.0,4000.0,13.0,180.0,1
YU,4.0,32.0,3000.0,21.0,420.0,1
YU,1.0,8.0,2000.0,8.0,70.0,1
YU,2.0,16.0,2230.0,8.0,90.0,1
YU,2.0,16.0,2500.0,13.0,130.0,1
YU,2.0,16.0,2500.0,13.0,130.0,1
ZTE,6.0,128.0,3200.0,12.0,500.0,3
ZTE,6.0,128.0,3400.0,20.0,700.0,3
ZTE,2.0,16.0,3990.0,13.0,120.0,1
ZTE,4.0,64.0,2950.0,13.0,310.0,2
ZTE,2.0,16.0,3000.0,8.0,160.0,1
ZTE,2.0,16.0,2500.0,8.0,170.0,1
ZTE,4.0,32.0,5000.0,13.0,200.0,1
ZTE,3.0,32.0,3000.0,13.0,190.0,1
ZTE,3.0,32.0,3140.0,13.0,260.0,1
ZTE,2.0,16.0,2730.0,13.0,250.0,1
ZTE,4.0,64.0,4100.0,13.0,500.0,2
ZTE,4.0,32.0,3000.0,16.0,330.0,1
ZTE,4.0,128.0,3000.0,23.0,270.0,3
ZTE,3.0,32.0,2705.0,16.0,270.0,1
ZTE,2.0,16.0,3000.0,13.0,110.0,1
ZTE,2.0,32.0,3400.0,13.0,110.0,1
ZTE,3.0,64.0,5000.0,13.0,230.0,2
ZTE,4.0,64.0,4000.0,16.0,360.0,2
ZTE,4.0,64.0,3250.0,20.0,410.0,2
ZTE,6.0,64.0,3000.0,16.0,450.0,2
ZTE,2.0,16.0,3400.0,13.0,210.0,1
ZTE,3.0,64.0,2800.0,16.0,250.0,2
ZTE,1.0,8.0,2150.0,8.0,90.0,1
ZTE,2.0,16.0,3000.0,13.0,270.0,1
ZTE,1.0,8.0,4000.0,8.0,130.0,1
ZTE,2.0,16.0,2540.0,13.0,170.0,1
ZTE,2.0,16.0,2500.0,13.0,180.0,1
ZTE,2.0,16.0,2500.0,13.0,130.0,1
ZTE,2.0,16.0,2500.0,13.0,120.0,1
ZTE,3.0,64.0,2200.0,13.0,390.0,2
ZTE,2.0,16.0,3080.0,8.0,120.0,1
ZTE,1.0,8.0,2300.0,5.0,110.0,1
ZTE,2.0,16.0,3000.0,13.0,170.0,1
ZTE,2.0,32.0,3000.0,13.0,290.0,1
ZTE,3.0,32.0,2500.0,13.0,280.0,1
ZTE,3.0,32.0,2800.0,13.0,330.0,1
ZTE,2.0,16.0,3000.0,8.0,130.0,1
ZTE,3.0,32.0,3000.0,13.0,420.0,1
ZTE,2.0,16.0,2200.0,13.0,350.0,1
ZTE,4.0,128.0,3000.0,13.0,450.0,3
ZTE,2.0,16.0,3400.0,8.0,180.0,1
ZTE,4.0,64.0,3000.0,13.0,350.0,2
ZTE,1.0,4.0,1800.0,5.0,130.0,1
ZTE,2.0,16.0,2480.0,8.0,130.0,1
ZTE,1.0,8.0,2000.0,5.0,110.0,1
ZTE,1.0,8.0,2100.0,5.0,50.0,1
ZTE,1.0,8.0,2200.0,8.0,70.0,1
ZTE,4.0,64.0,2900.0,16.0,350.0,2
ZTE,2.0,16.0,3000.0,13.0,280.0,1
ZTE,3.0,16.0,2900.0,16.0,200.0,1
ZTE,2.0,16.0,2900.0,16.0,170.0,1
ZTE,3.0,16.0,3100.0,16.0,300.0,1
ZTE,1.0,8.0,2000.0,13.0,100.0,1
ZTE,1.0,8.0,2000.0,8.0,80.0,1
ZTE,1.0,8.0,2400.0,13.0,210.0,1
ZTE,2.0,16.0,2400.0,13.0,220.0,1
ZTE,2.0,16.0,2400.0,13.0,330.0,1
ZTE,1.0,8.0,2000.0,5.0,80.0,1
ZTE,2.0,16.0,2500.0,13.0,180.0,1
ZTE,2.0,16.0,3400.0,8.0,200.0,1
ZTE,1.0,16.0,2300.0,8.0,180.0,1
ZTE,1.0,8.0,2300.0,8.0,170.0,1
ZTE,2.0,16.0,2000.0,13.0,210.0,1
ZTE,3.0,32.0,3000.0,13.0,250.0,1
ZTE,2.0,32.0,3100.0,13.0,240.0,1
ZTE,2.0,16.0,2300.0,13.0,180.0,1
ZTE,1.0,4.0,2000.0,5.0,130.0,1
ZTE,2.0,16.0,2300.0,8.0,200.0,1
ZTE,2.0,64.0,4250.0,13.0,350.0,2
ZTE,2.0,16.0,3100.0,13.0,250.0,1
ZTE,2.0,32.0,2300.0,13.0,290.0,1
ZTE,2.0,16.0,2000.0,13.0,230.0,1
ZTE,1.0,16.0,2300.0,8.0,310.0,1
ZTE,1.0,8.0,2070.0,8.0,150.0,1
ZTE,1.0,4.0,1650.0,5.0,110.0,1
ZTE,1.0,4.0,2500.0,5.0,230.0,1
ZTE,1.0,8.0,2500.0,13.0,270.0,1
ZTE,1.0,4.0,2000.0,8.0,110.0,1
ZTE,1.0,4.0,2500.0,8.0,200.0,1
ZTE,2.0,16.0,3200.0,13.0,340.0,1
ZTE,2.0,16.0,1780.0,13.0,430.0,1
ZTE,2.0,32.0,2300.0,13.0,520.0,1
ZTE,1.0,8.0,1780.0,6.0,360.0,1
ZTE,1.0,4.0,1800.0,8.0,380.0,1
ZTE,1.0,16.0,1650.0,8.0,430.0,1
ZTE,1.0,4.0,1900.0,8.0,340.0,1
ZTE,1.0,4.0,1600.0,5.0,230.0,1
ZTE,1.0,16.0,4000.0,5.0,230.0,1
